date,EUR,USD,Brent_oil,Gold,Gas
2020-12-18,89.8439,73.3477,52.26,1.8889,2700.0
2020-12-17,89.3579,72.862,51.5,1.8904,2636.0
2020-12-16,89.4774,73.3497,51.08,1.8591,2677.0
2020-12-15,89.235,73.3824,50.76,1.8553,2682.0
2020-12-14,89.6878,73.8683,50.29,1.8321,2682.0
2020-12-11,91.2973,77.3496,43.53,1.8733,2976.0
2020-12-10,91.1135,77.1449,41.72,1.9289,2881.0
2020-12-08,86.8591,73.7116,45.43,1.949,2152.0
2020-12-06,83.4233,73.7125,38.73,1.7552,1731.0
2020-12-05,79.9875,73.7134,29.98,1.728,1720.0
2020-12-03,83.6534,74.8742,33.22,1.5988,1841.0
2020-12-02,68.745,63.2143,55.79,1.5924,1844.0
2020-11-30,91.1858,76.4033,47.59,1.7809,2882.0
2020-11-27,90.7327,75.8605,48.18,1.7881,2843.0
2020-11-26,90.2494,75.7072,47.8,1.807,2930.0
2020-11-25,90.0463,75.5406,48.61,1.8112,2896.0
2020-11-24,89.68,75.4715,47.86,1.8109,2775.0
2020-11-23,90.2013,76.1755,46.06,1.8378,2711.0
2020-11-20,90.3653,76.1924,44.96,1.8724,2650.0
2020-11-19,90.3377,76.0553,44.2,1.8615,2592.0
2020-11-18,90.1821,76.0511,44.34,1.8739,2712.0
2020-11-17,90.45,76.2305,43.75,1.8851,2692.0
2020-11-16,90.2495,76.1698,43.82,1.8878,2697.0
2020-11-13,91.6065,77.4023,42.78,1.8862,2995.0
2020-11-12,88.4168,72.9572,49.97,1.8436,2591.0
2020-11-11,90.8122,77.1139,43.8,1.8616,3031.0
2020-11-09,88.845,75.0956,39.83,1.9479,2269.0
2020-11-08,85.8945,73.1506,44.5,1.9463,2171.0
2020-11-06,79.2975,70.2013,38.55,1.7576,1813.0
2020-11-05,80.73325,71.5694,29.63,1.7209,1826.0
2020-11-03,82.169,72.9375,35.79,1.6508,1878.0
2020-11-02,69.2147,63.3759,54.01,1.5911,1788.0
2020-10-30,92.6093,79.5257,37.46,1.8799,3354.0
2020-10-29,92.0777,78.8685,37.65,1.868,3301.0
2020-10-28,93.033,79.2242,39.12,1.8792,2996.0
2020-10-27,91.2448,77.3059,41.2,1.9119,3019.0
2020-10-26,90.31,76.495,40.46,1.9057,3024.0
2020-10-23,90.3063,76.1235,41.77,1.9052,2971.0
2020-10-22,90.5222,76.6168,42.46,1.9046,3007.0
2020-10-21,90.9881,76.7229,41.73,1.9295,3023.0
2020-10-20,91.4633,77.3423,43.16,1.9154,2913.0
2020-10-19,91.395,77.65,42.62,1.9117,2795.0
2020-10-16,91.244,77.8938,42.93,1.9064,2773.0
2020-10-15,91.4047,78.0885,43.16,1.9089,2775.0
2020-10-14,91.2095,77.6328,43.32,1.9073,2636.0
2020-10-13,90.47,77.0491,42.45,1.8946,2855.0
2020-10-12,88.6799,73.0484,50.25,1.8374,2553.0
2020-10-11,90.4043,76.57,43.61,1.8764,2949.0
2020-10-09,88.871,75.2048,40.06,1.9643,2323.0
2020-10-08,86.2575,73.4667,44.99,2.0397,2153.0
2020-10-07,79.8848,70.7118,43.24,1.8313,1805.0
2020-10-06,77.8985,68.4949,41.73,1.739,1780.0
2020-10-04,80.7302,73.7523,39.474999999999994,1.7406,1858.0
2020-10-03,80.5188,71.3747,37.22,1.669,1936.0
2020-10-02,69.9825,64.1332,53.27,1.6007,1766.0
2020-10-01,67.894,61.0548,64.98,1.587,2202.0
2020-09-30,91.032,77.6319,40.95,1.8955,2527.0
2020-09-29,92.8593,79.0732,41.03,1.9032,2561.0
2020-09-28,92.1928,79.0566,42.43,1.8823,2101.0
2020-09-25,90.9321,78.2164,41.92,1.8663,2139.0
2020-09-24,89.965,77.1487,41.94,1.8769,2248.0
2020-09-23,89.85,77.0808,41.77,1.8684,2125.0
2020-09-22,89.1158,76.0992,41.72,1.9076,1834.0
2020-09-21,89.62,76.1224,41.44,1.9106,1835.0
2020-09-18,89.6902,75.744,43.15,1.9621,2048.0
2020-09-17,89.12,75.2033,43.3,1.9499,2042.0
2020-09-16,88.56,74.9778,42.22,1.9705,2267.0
2020-09-15,88.8433,75.0223,40.53,1.9662,2362.0
2020-09-14,89.2696,75.2574,39.61,1.9637,2310.0
2020-09-12,89.245,73.8723,48.86,1.8385,2442.0
2020-09-11,90.2473,76.3064,42.4,1.8544,2859.0
2020-09-10,90.81,76.7675,42.85,1.9262,2741.0
2020-09-09,88.96,75.3163,40.79,1.9549,2406.0
2020-09-07,80.0,70.9414,42.35,1.8335,1779.0
2020-09-06,77.7032,68.5617,41.18,1.7403,1767.0
2020-09-04,81.1757,74.2565,31.48,1.7536,1733.0
2020-09-03,74.6071,67.76975,34.36,1.6841,1778.0
2020-09-01,68.0385,61.283,65.37,1.5814,2166.0
2020-08-31,88.4193,74.0718,45.28,1.9786,2630.0
2020-08-28,88.0613,74.0056,45.05,1.9749,2657.0
2020-08-27,88.609,74.9588,45.09,1.9326,2579.0
2020-08-26,89.2431,75.3995,45.64,1.9525,2461.0
2020-08-25,89.1869,75.3312,45.86,1.9231,2489.0
2020-08-24,87.965,74.6401,45.13,1.9392,2513.0
2020-08-21,88.2143,74.7995,44.35,1.947,2448.0
2020-08-20,87.5147,73.7823,44.9,1.9465,2352.0
2020-08-19,86.7906,73.292,45.37,1.9703,2426.0
2020-08-18,87.292,73.1634,45.46,2.0131,2417.0
2020-08-17,87.4843,73.7015,45.37,1.9987,2339.0
2020-08-14,86.25,72.8558,44.8,1.9498,2356.0
2020-08-13,86.2,72.9555,44.96,1.9704,2182.0
2020-08-12,88.9843,73.5166,48.84,1.8749,2399.0
2020-08-10,90.9925,77.3714,43.34,1.8951,2627.0
2020-08-09,89.8785,76.2826,39.78,1.9432,2400.0
2020-08-07,80.6158,71.1138,43.29,1.8506,1824.0
2020-08-06,77.0139,68.1966,40.8,1.7238,1789.0
2020-08-05,79.5853,73.4267,30.97,1.7352,1823.0
2020-08-04,81.251,74.9406,32.84,1.6841,1783.0
2020-08-01,68.05,61.2437,65.44,1.587,2141.0
2020-07-31,87.5547,74.4114,43.3,1.9859,1799.0
2020-07-30,86.6705,73.1543,42.94,1.9668,1829.0
2020-07-29,85.6055,72.581,43.75,1.9767,1854.0
2020-07-28,85.0505,72.5804,43.22,1.9639,1800.0
2020-07-27,84.0751,71.565,43.41,1.9554,1734.0
2020-07-24,83.6,71.729,43.34,1.9252,1808.0
2020-07-23,82.856,71.4585,43.31,1.9174,1785.0
2020-07-22,82.1923,71.0675,44.29,1.8926,1681.0
2020-07-21,81.5163,70.7443,44.32,1.8696,1675.0
2020-07-20,81.6777,71.3428,43.28,1.8401,1641.0
2020-07-17,82.2244,71.8825,43.14,1.8337,1718.0
2020-07-16,81.4886,71.592,43.37,1.8265,1723.0
2020-07-15,80.99,70.9881,43.79,1.8416,1778.0
2020-07-14,80.7697,70.8703,42.9,1.8415,1746.0
2020-07-13,80.5338,70.9912,42.72,1.8437,1739.0
2020-07-12,89.1981,73.6484,48.79,1.866,2406.0
2020-07-10,91.8238,78.032,41.99,1.8908,2606.0
2020-07-09,89.557,75.7585,42.01,1.9371,2541.0
2020-07-08,86.8838,73.717,44.4,2.028,2238.0
2020-07-07,80.5747,71.4936,43.08,1.8343,1876.0
2020-07-05,80.2528,74.1003,29.46,1.7437,1894.0
2020-07-04,82.3371,75.5471,31.87,1.6837,1852.0
2020-07-02,70.16,64.11,54.47,1.595,1858.0
2020-07-01,75.05875,67.6417,68.27,1.6013,2162.0
2020-06-30,79.9575,71.1734,41.15,1.8204,1751.0
2020-06-29,78.689,69.998,41.71,1.8001,1709.0
2020-06-26,78.33,69.7955,41.02,1.7985,1495.0
2020-06-25,77.4393,69.0183,41.05,1.7884,1482.0
2020-06-24,77.6491,68.9417,40.31,1.7926,1597.0
2020-06-23,77.8589,68.8651,42.63,1.7971,1637.0
2020-06-22,77.85,69.1003,43.08,1.7817,1664.0
2020-06-19,77.6493,69.446,42.19,1.7686,1669.0
2020-06-18,78.3123,69.8744,41.51,1.7479,1638.0
2020-06-17,78.41,69.7446,40.71,1.7534,1638.0
2020-06-16,78.4247,69.6567,40.96,1.7544,1614.0
2020-06-15,78.7115,69.5536,39.72,1.7449,1669.0
2020-06-11,91.9665,77.4158,39.45,1.9517,2888.0
2020-06-10,92.07,78.449,42.65,1.9088,2520.0
2020-06-09,89.54865,75.86359999999999,43.870000000000005,1.94065,2561.0
2020-06-08,87.0273,73.2782,45.09,2.0694,2165.0
2020-06-07,81.1675,71.8276,43.1,1.8161,1830.0
2020-06-05,80.48,74.5643,29.72,1.7044,1944.0
2020-06-04,82.05,76.0059,33.05,1.6931,1731.0
2020-06-03,77.5494,68.5685,45.27,1.683,1708.0
2020-06-02,69.5534,63.3488,54.93,1.5917,1862.0
2020-06-01,69.1575,61.8227,68.91,1.5961,2135.0
2020-05-29,77.9317,70.1445,35.33,1.7657,1849.0
2020-05-28,78.0924,70.4928,35.29,1.7427,1827.0
2020-05-27,78.1004,71.0038,34.74,1.7405,1722.0
2020-05-26,77.75,70.7948,36.17,1.7405,1793.0
2020-05-25,78.15,71.6901,35.53,1.727,1864.0
2020-05-24,78.113,71.6512,35.33,1.73065,1863.0
2020-05-22,78.076,71.6123,35.13,1.7656,1731.0
2020-05-21,77.7,70.9631,36.06,1.7504,1710.0
2020-05-20,78.0352,71.118,35.75,1.7817,1771.0
2020-05-19,79.185,72.4881,34.65,1.7734,1830.0
2020-05-18,79.3185,72.6718,34.81,1.7606,1783.0
2020-05-15,79.6213,73.616,32.5,1.7787,1646.0
2020-05-14,79.3175,73.4875,31.13,1.762,1681.0
2020-05-13,79.95,73.929,29.19,1.7373,1616.0
2020-05-11,91.0484,77.0264,40.93,1.9468,2942.0
2020-05-10,92.0378,78.1055,41.29,1.9201,2615.0
2020-05-08,86.454,72.8745,45.17,2.0493,2191.0
2020-05-06,77.5513,68.686,42.3,1.7019,1782.0
2020-05-05,79.9414,73.7551,30.97,1.728,2134.0
2020-05-03,75.9058,67.6538,49.99,1.6804,1772.0
2020-05-02,69.1863,62.8877,55.28,1.5847,1861.0
2020-04-30,81.4573,74.3813,25.27,1.7049,1949.0
2020-04-29,79.3905,73.0162,22.54,1.7224,1869.0
2020-04-28,80.2,74.1033,20.46,1.7312,1794.0
2020-04-27,80.6876,74.4935,19.99,1.7314,1819.0
2020-04-24,80.6732,74.5651,21.44,1.7417,1746.0
2020-04-23,80.6443,74.7727,21.33,1.751,1815.0
2020-04-22,82.1582,75.9065,20.37,1.7435,1939.0
2020-04-21,83.7148,77.0694,19.33,1.6921,1821.0
2020-04-20,81.9893,75.5185,25.57,1.7153,1924.0
2020-04-17,80.465,73.958,28.08,1.7027,1753.0
2020-04-16,80.3263,74.1841,27.82,1.7363,1686.0
2020-04-15,81.655,74.8437,27.69,1.7447,1598.0
2020-04-14,80.1513,72.9953,29.6,1.7712,1650.0
2020-04-13,80.3258,73.6013,31.74,1.7627,1724.0
2020-04-12,89.7943,74.0634,49.25,1.84,2575.0
2020-04-11,89.52195,74.73605,41.23,1.8962,3046.0
2020-04-09,89.2496,75.4087,42.66,1.9343,2588.0
2020-04-08,86.7544,73.5325,44.43,2.021,2193.0
2020-04-06,78.3651,69.1601,39.99,1.7464,1822.0
2020-04-05,81.5558,74.8191,27.2,1.7259,1993.0
2020-04-03,73.8006,66.2666,51.13,1.6565,1827.0
2020-04-02,69.6767,63.1093,53.96,1.5775,1872.0
2020-03-31,86.4507,78.4426,22.74,1.5976,1640.0
2020-03-30,87.6822,79.3378,22.76,1.6441,1690.0
2020-03-27,87.8067,78.8122,24.93,1.655,1634.0
2020-03-26,85.4306,77.4751,26.34,1.662,1637.0
2020-03-25,85.165,78.2023,27.39,1.6333,1659.0
2020-03-24,84.4726,78.2965,27.15,1.663,1653.0
2020-03-23,85.45,79.5936,27.03,1.5814,1602.0
2020-03-20,85.5,79.9236,26.98,1.4951,1604.0
2020-03-19,84.71,79.1566,28.47,1.4894,1654.0
2020-03-18,88.2395,80.8692,24.88,1.4871,1604.0
2020-03-17,82.9532,75.4362,28.73,1.5341,1729.0
2020-03-16,83.4665,74.6596,30.05,1.4938,1815.0
2020-03-13,80.6873,72.6133,33.85,1.5249,1869.0
2020-03-12,90.4008,74.4431,48.71,1.8411,2507.0
2020-03-11,92.8885,79.3552,39.71,1.9104,3059.0
2020-03-09,89.22,75.268,44.07,1.9378,2487.0
2020-03-08,86.0177,73.1149,44.15,1.9863,2101.0
2020-03-07,80.2918,71.3983,42.8,1.7876,1746.0
2020-03-06,77.1502,68.6504,39.79,1.7235,1821.0
2020-03-04,82.6902,76.4918,34.11,1.6465,1621.0
2020-03-03,73.7107,65.9881,51.86,1.6588,1800.0
2020-03-02,70.4325,63.715,54.45,1.604,1819.0
2020-03-01,69.3056,62.0922,68.6,1.5796,2130.0
2020-02-28,73.8165,66.8806,50.52,1.5836,1684.0
2020-02-27,72.547,66.0217,52.18,1.6614,1752.0
2020-02-26,71.274,65.4708,53.43,1.6629,1821.0
2020-02-25,71.105,65.3726,54.95,1.6702,1847.0
2020-02-24,70.3049,64.71435,56.3,1.6971,1827.0
2020-02-21,69.5048,64.0561,58.5,1.6691,1905.0
2020-02-20,69.2453,64.2038,59.31,1.6408,1920.0
2020-02-19,68.6997,63.571,59.12,1.6322,1955.0
2020-02-18,68.89,63.8115,57.75,1.624,1981.0
2020-02-17,68.7396,63.4645,57.67,1.58705,1930.0
2020-02-16,68.80754999999999,63.51005,57.495000000000005,1.58625,1902.0
2020-02-14,68.8755,63.5556,57.32,1.6069,1837.0
2020-02-13,68.9842,63.6413,56.34,1.5996,1826.0
2020-02-12,90.8786,75.0718,48.25,1.8302,2780.0
2020-02-11,93.72,80.5386,38.97,1.8925,3244.0
2020-02-10,91.625,78.1851,39.27,1.9076,2438.0
2020-02-09,89.363,75.4015,44.43,1.9447,2486.0
2020-02-07,79.3,70.5747,43.14,1.812,1734.0
2020-02-06,76.7025,68.6754,39.57,1.7497,1777.0
2020-02-04,83.9017,77.2349,29.94,1.6389,1552.0
2020-02-03,74.0263,66.4319,51.9,1.6097,1756.0
2020-02-01,72.44565,65.17609999999999,66.25,1.5552,2122.0
2020-01-31,70.865,63.9203,58.16,1.6094,1841.0
2020-01-30,69.8231,63.2759,58.29,1.6107,1829.0
2020-01-29,68.87,62.5451,59.81,1.5979,1877.0
2020-01-28,68.6268,62.2825,59.51,1.5969,1934.0
2020-01-27,69.375,62.9797,59.32,1.6046,1902.0
2020-01-24,68.479,62.0857,60.69,1.599,1893.0
2020-01-23,68.4225,61.902,62.04,1.5921,1926.0
2020-01-22,68.5975,61.8397,63.21,1.5835,1905.0
2020-01-21,68.62,61.8802,64.59,1.5847,1895.0
2020-01-20,68.3286,61.5553,65.2,1.56125,1938.0
2020-01-19,68.30345,61.5563,65.025,1.55705,1905.0
2020-01-17,68.2783,61.5573,64.85,1.5872,2003.0
2020-01-16,68.6714,61.6574,64.62,1.5769,2077.0
2020-01-15,68.48,61.4315,64.0,1.5803,2120.0
2020-01-14,68.37,61.4394,64.49,1.5712,2187.0
2020-01-13,68.2625,61.2727,64.2,1.5775,2182.0
2020-01-12,91.491,75.8453,47.42,1.8189,2880.0
2020-01-10,90.8263,77.3346,40.93,1.9163,2527.0
2020-01-09,87.6711,73.5765,45.58,1.9789,2527.0
2020-01-07,82.3119,71.35069999999999,42.03,1.8019,1671.0
2020-01-06,76.9527,69.1249,38.32,1.7637,1774.0
2020-01-05,81.67635,73.92795,26.44,1.712,1890.0
2020-01-04,86.4,78.731,24.74,1.5925,1587.0
2020-01-01,77.91,70.35865,45.37,1.52095,2179.0
2019-12-31,73.66499999999999,66.17247499999999,66.0,1.5506,2189.0
2019-12-30,69.42,61.9863,68.44,1.5454,2186.0
2019-12-27,69.31,62.0332,68.16,1.5444,2158.0
2019-12-26,69.055,62.2138,67.92,1.5403,2294.0
2019-12-25,68.682,61.8489,67.56,1.50405,2236.0
2019-12-24,68.6267,61.9669,67.2,1.5305,2172.0
2019-12-23,69.0486,62.268,66.39,1.5144,2214.0
2019-12-20,68.96,62.2634,66.14,1.5064,2328.0
2019-12-19,69.4031,62.4133,66.54,1.51,2273.0
2019-12-18,69.635,62.661,66.17,1.5043,2286.0
2019-12-17,69.582,62.4038,66.1,1.5068,2319.0
2019-12-16,69.61,62.4428,65.34,1.5067,2341.0
2019-12-13,69.9191,62.8624,65.22,1.5069,2296.0
2019-12-12,69.95,62.8402,64.2,1.4975,2328.0
2019-12-11,70.68,64.2272,62.06,1.4842,2621.0
2019-12-09,71.593,64.7151,60.38,1.5378,2574.0
2019-12-08,73.35,65.4132,58.57,1.543,2105.0
2019-12-07,70.9302,62.9505,66.72,1.4509,2453.0
2019-12-06,71.81385,63.650099999999995,59.97,1.3738,2386.0
2019-12-04,72.6975,64.3497,71.55,1.3463,2660.0
2019-12-03,74.0906,65.6236,66.67,1.3566,2784.0
2019-12-02,74.6595,65.8784,62.42,1.3732,2688.0
2019-11-29,70.8545,64.3195,62.43,1.4966,2281.0
2019-11-28,70.5217,64.0735,63.87,1.46225,2463.0
2019-11-27,70.3425,63.9615,64.06,1.4844,2501.0
2019-11-26,70.505,63.9516,64.27,1.491,2470.0
2019-11-25,70.43,63.9381,63.65,1.4881,2531.0
2019-11-22,70.4015,63.8623,63.39,1.4944,2665.0
2019-11-21,70.4175,63.7094,63.97,1.494,2567.0
2019-11-20,70.7,63.8991,62.4,1.5045,2559.0
2019-11-19,70.685,63.8192,60.91,1.5048,2510.0
2019-11-18,70.6754,63.8278,62.44,1.5024,2566.0
2019-11-15,70.4958,63.7628,63.3,1.4991,2688.0
2019-11-14,70.49,63.9828,62.28,1.504,2647.0
2019-11-13,70.7923,64.3456,62.37,1.4939,2600.0
2019-11-12,70.45,63.2695,63.72,1.5001,2243.0
2019-11-11,70.495,63.8874,62.18,1.488,2637.0
2019-11-10,70.8678,64.2224,60.51,1.5178,2214.0
2019-11-09,72.1081,65.4915,60.81,1.5324,2552.0
2019-11-07,70.68,62.8166,66.52,1.4453,2416.0
2019-11-06,73.1375,64.5588,62.29,1.369,2399.0
2019-11-04,72.7271,64.6097,70.83,1.3434,2664.0
2019-11-03,74.1841,65.9751,66.58,1.35,2772.0
2019-11-02,74.2248,65.8422,61.51,1.3712,2642.0
2019-11-01,76.6993,66.8938,60.48,1.3554,3099.0
2019-10-31,71.505,64.1328,60.23,1.544,2633.0
2019-10-30,71.1875,63.8536,60.61,1.5265,2691.0
2019-10-29,71.035,63.9463,61.59,1.5206,2597.0
2019-10-28,70.77,63.752,61.57,1.5258,2446.0
2019-10-25,70.74,63.8639,62.02,1.5351,2300.0
2019-10-24,71.102,64.0693,61.67,1.5339,2316.0
2019-10-23,71.1458,63.9333,61.17,1.5249,2282.0
2019-10-22,70.9185,63.7282,59.7,1.5166,2272.0
2019-10-21,71.01,63.7151,58.96,1.5173,2238.0
2019-10-18,71.2102,63.7651,59.42,1.523,2320.0
2019-10-17,71.355,64.1176,59.91,1.5278,2318.0
2019-10-16,70.9725,64.0773,59.42,1.5234,2303.0
2019-10-15,70.91,64.2749,58.74,1.5131,2339.0
2019-10-14,70.9,64.295,59.35,1.5271,2280.0
2019-10-12,70.46,63.5011,64.34,1.4932,2264.0
2019-10-10,70.9425,64.4582,59.1,1.5297,2218.0
2019-10-09,72.275,65.4233,62.38,1.5281,2580.0
2019-10-07,71.0783,63.1755,67.01,1.4505,2444.0
2019-10-06,73.288,64.7798,62.29,1.3669,2357.0
2019-10-05,73.14,65.1033,70.62,1.3372,2619.0
2019-10-04,72.486,64.3223,71.73,1.3639,2700.0
2019-10-01,76.9401,66.9102,61.68,1.353,2969.0
2019-09-30,70.6758,64.8569,60.78,1.5023,2330.0
2019-09-27,70.7562,64.6841,61.91,1.5361,2404.0
2019-09-26,70.1243,64.2124,62.74,1.545,2428.0
2019-09-25,70.2221,64.1506,62.39,1.542,2502.0
2019-09-24,70.4898,63.9902,63.1,1.5701,2503.0
2019-09-23,70.1736,63.8469,64.77,1.5616,2527.0
2019-09-20,70.518,64.02,64.28,1.5453,2534.0
2019-09-19,70.64,63.9748,64.4,1.5364,2538.0
2019-09-18,70.7573,64.163,63.6,1.5461,2637.0
2019-09-17,71.2743,64.3652,64.55,1.5441,2668.0
2019-09-16,70.4508,64.0405,69.02,1.5423,2681.0
2019-09-13,71.2825,64.3403,60.22,1.5307,2614.0
2019-09-12,70.35,63.5847,64.25,1.4898,2232.0
2019-09-10,71.19,64.8895,58.32,1.5411,2234.0
2019-09-09,72.3902,65.5344,62.59,1.5396,2585.0
2019-09-08,73.1088,65.2816,58.53,1.5345,2119.0
2019-09-07,71.5997,63.9014,64.16,1.4383,2425.0
2019-09-05,72.36609999999999,64.4023,70.39,1.3351,2595.0
2019-09-04,73.1325,64.9032,70.61,1.3584,2699.0
2019-09-01,77.0995,66.7328,61.44,1.3573,2984.0
2019-08-30,73.3975,66.7657,60.43,1.5572,2285.0
2019-08-29,73.61,66.5718,61.08,1.564,2296.0
2019-08-28,73.9875,66.7779,60.49,1.5753,2251.0
2019-08-27,73.6802,66.4352,59.51,1.578,2202.0
2019-08-26,73.295,66.0593,58.7,1.5631,2230.0
2019-08-23,73.541,65.999,59.34,1.5635,2152.0
2019-08-22,72.725,65.6081,59.92,1.5344,2159.0
2019-08-21,72.9248,65.754,60.3,1.5415,2170.0
2019-08-20,73.8504,66.5455,60.03,1.5413,2218.0
2019-08-19,74.1098,66.8987,59.74,1.5372,2210.0
2019-08-16,73.7385,66.5148,58.64,1.5492,2200.0
2019-08-15,73.4,66.0533,58.23,1.5567,2232.0
2019-08-14,73.56,66.0531,59.48,1.554,2143.0
2019-08-13,72.54,64.9112,61.3,1.5407,2147.0
2019-08-11,70.3053,63.8046,62.51,1.4963,2789.0
2019-08-10,71.4155,65.2004,58.24,1.5319,2288.0
2019-08-08,72.7151,65.0435,57.38,1.535,2128.0
2019-08-07,71.3701,63.6823,64.11,1.4373,2403.0
2019-08-05,72.855,65.0687,70.37,1.3314,2610.0
2019-08-04,73.07,64.8788,71.1,1.3519,2708.0
2019-08-03,73.77465,65.336,65.74,1.3585,2865.0
2019-08-02,74.4793,65.7932,62.1,1.3778,2583.0
2019-08-01,76.55,66.9003,58.72,1.3511,2967.0
2019-07-31,70.5,63.6284,65.17,1.4663,2233.0
2019-07-30,70.8355,63.5067,64.72,1.4703,2137.0
2019-07-29,70.7175,63.4357,63.71,1.4617,2141.0
2019-07-26,70.5,63.3663,63.46,1.4604,2169.0
2019-07-25,70.435,63.2336,63.39,1.4544,2244.0
2019-07-24,70.4924,63.2936,63.18,1.4629,2220.0
2019-07-23,70.429,63.1609,63.83,1.4608,2300.0
2019-07-22,70.7211,63.096,63.26,1.466,2312.0
2019-07-19,70.6923,63.0295,62.47,1.4655,2251.0
2019-07-18,70.7986,62.8087,61.93,1.4672,2287.0
2019-07-17,70.6366,62.9353,63.66,1.4625,2304.0
2019-07-16,70.6408,63.0391,64.35,1.4502,2306.0
2019-07-15,70.5432,62.6628,66.48,1.4523,2408.0
2019-07-11,70.1588,63.5284,62.29,1.4977,2772.0
2019-07-10,71.255,64.9596,58.35,1.5325,2303.0
2019-07-08,73.18,65.3237,56.23,1.5446,2083.0
2019-07-06,73.4787,64.87,63.29,1.3819,2337.0
2019-07-05,73.153,65.3974,69.88,1.3358,2537.0
2019-07-03,74.1295,66.2827,66.3,1.3449,2866.0
2019-07-02,74.7883,65.9173,61.63,1.3736,2551.0
2019-07-01,73.3255,64.5739,57.33,1.3552,2944.0
2019-06-28,71.8627,63.2305,66.55,1.4468,2308.0
2019-06-27,71.6688,63.0788,66.55,1.4445,2324.0
2019-06-26,71.7085,63.0602,66.49,1.4478,2291.0
2019-06-25,71.4467,62.8613,65.05,1.4513,2308.0
2019-06-24,71.3225,62.584,64.86,1.4509,2303.0
2019-06-21,71.6525,63.0073,65.2,1.4327,2186.0
2019-06-20,71.0275,62.91,64.45,1.4294,2185.0
2019-06-19,71.5801,63.7783,61.82,1.3844,2276.0
2019-06-18,71.6798,64.025,62.14,1.3874,2328.0
2019-06-17,72.1537,64.3192,60.94,1.3796,2386.0
2019-06-14,72.175,64.3915,62.01,1.3815,2387.0
2019-06-13,72.815,64.5806,61.31,1.3807,2325.0
2019-06-12,70.5,63.7533,64.39,1.4899,2334.0
2019-06-11,70.74,63.8725,61.74,1.5239,2828.0
2019-06-09,72.4848,65.7289,61.54,1.5433,2496.0
2019-06-08,73.1173,65.2723,58.94,1.5097,2111.0
2019-06-06,73.3351,65.085,61.67,1.3785,2324.0
2019-06-05,73.0633,65.2236,71.24,1.334,2524.0
2019-06-03,74.5908,65.9751,65.99,1.3465,2841.0
2019-06-02,74.8475,65.8698,62.69,1.3738,2662.0
2019-05-31,73.0658,65.4306,64.49,1.3496,2454.0
2019-05-30,72.5504,65.1893,66.87,1.3329,2547.0
2019-05-29,72.3175,64.9661,69.45,1.3265,2633.0
2019-05-28,72.2418,64.7077,70.11,1.3233,2582.0
2019-05-27,72.144,64.4589,70.11,1.28495,2584.0
2019-05-26,72.1995,64.4699,69.4,1.28415,2610.0
2019-05-24,72.255,64.4809,68.69,1.3301,2598.0
2019-05-23,72.4691,64.8495,67.76,1.3318,2578.0
2019-05-22,71.8225,64.3877,70.99,1.3213,2543.0
2019-05-21,71.916,64.4213,72.18,1.3201,2613.0
2019-05-20,72.0527,64.5266,71.97,1.3242,2673.0
2019-05-17,72.23,64.7683,72.21,1.3225,2631.0
2019-05-16,72.2075,64.6215,72.62,1.3331,2639.0
2019-05-15,72.4475,64.6534,71.77,1.3445,2601.0
2019-05-14,72.75,64.945,71.24,1.3434,2659.0
2019-05-13,73.45,65.4278,70.23,1.3502,2621.0
2019-05-12,70.7431,63.7294,63.39,1.5075,2427.0
2019-05-11,70.3197,63.4946,62.96,1.5145,2862.0
2019-05-09,73.0908,66.2335,60.95,1.5529,2435.0
2019-05-08,73.3685,65.5195,59.81,1.5026,2070.0
2019-05-07,71.6688,63.8159,64.23,1.4366,2418.0
2019-05-06,73.3715,65.3773,60.63,1.3702,2378.0
2019-05-04,73.2853,65.3465,70.34,1.3452,2664.0
2019-05-03,74.3353,65.7624,65.86,1.3435,2884.0
2019-05-02,74.8847,65.6228,61.98,1.3786,2662.0
2019-04-30,72.5125,64.6373,72.8,1.3357,2575.0
2019-04-29,72.087,64.4728,72.04,1.3316,2593.0
2019-04-26,72.169,64.7334,72.15,1.3392,2566.0
2019-04-25,71.9803,64.6565,74.35,1.3302,2514.0
2019-04-24,71.758,64.3406,74.57,1.3299,2462.0
2019-04-23,71.4973,63.6853,74.51,1.3238,2455.0
2019-04-22,71.8275,63.8083,74.04,1.3285,2524.0
2019-04-19,72.0469,64.0515,73.005,1.2779,2507.0
2019-04-18,71.8295,63.8939,71.97,1.3269,2490.0
2019-04-17,72.1279,63.8584,71.62,1.3276,2517.0
2019-04-16,72.3295,64.1045,71.72,1.3281,2572.0
2019-04-15,72.63,64.267,71.18,1.3424,2590.0
2019-04-12,70.8394,63.9429,63.0,1.5045,2399.0
2019-04-11,70.8967,64.28585,62.13,1.5416,2821.0
2019-04-10,70.954,64.6288,58.37,1.5407,2352.0
2019-04-09,73.05,66.2255,60.7,1.5874,2445.0
2019-04-07,71.6225,63.4766,63.3,1.42355,2285.0
2019-04-06,73.3204,65.1582,61.97,1.3665,2416.0
2019-04-04,73.48,65.4796,69.4,1.3435,2643.0
2019-04-03,74.5515,65.7387,65.67,1.3463,2857.0
2019-04-02,75.0052,65.5888,62.51,1.3783,2660.0
2019-04-01,77.239,67.7368,57.06,1.351,3044.0
2019-03-29,73.6575,65.634,68.39,1.346,2662.0
2019-03-28,72.8596,64.9382,67.82,1.3424,2712.0
2019-03-27,72.8977,64.8291,67.83,1.3638,2713.0
2019-03-26,72.588,64.3919,67.97,1.3693,2740.0
2019-03-25,72.51,64.0807,67.21,1.3781,2755.0
2019-03-22,73.0672,64.6616,67.03,1.3693,2753.0
2019-03-21,72.625,63.8684,67.86,1.3645,2821.0
2019-03-20,72.8628,63.8577,68.5,1.3595,2820.0
2019-03-19,73.0733,64.38,67.61,1.3647,2874.0
2019-03-18,72.9833,64.3651,67.54,1.3594,2850.0
2019-03-15,73.3994,64.8075,67.16,1.3606,2795.0
2019-03-14,74.015,65.514,67.23,1.3529,2855.0
2019-03-13,74.1211,65.3932,67.55,1.3681,2820.0
2019-03-12,71.105,64.1502,60.82,1.5086,2441.0
2019-03-10,71.4023,65.1317,57.71,1.5413,2329.0
2019-03-09,73.245,66.7693,58.26,1.5832,2358.0
2019-03-07,71.43,63.322,63.82,1.456,2290.0
2019-03-06,73.4669,65.3445,61.28,1.3653,2403.0
2019-03-05,72.94,65.088,70.85,1.3317,2567.0
2019-03-04,73.2822,65.2355,69.31,1.344,2677.0
2019-03-01,78.2417,68.6577,55.95,1.3598,2945.0
2019-02-28,75.0,65.9151,66.03,1.3753,2812.0
2019-02-27,74.76,65.7901,66.39,1.3805,2799.0
2019-02-26,74.8325,65.6999,65.21,1.3879,2855.0
2019-02-25,74.4093,65.495,64.76,1.389,2836.0
2019-02-22,74.0908,65.3869,67.12,1.3925,2717.0
2019-02-21,74.369,65.5739,67.07,1.3872,2697.0
2019-02-20,74.465,65.6328,67.08,1.4067,2636.0
2019-02-19,74.5753,65.7666,66.45,1.4039,2662.0
2019-02-18,74.9798,66.2745,66.5,1.32955,2646.0
2019-02-17,74.9606,66.2919,66.375,1.32425,2618.0
2019-02-15,74.9414,66.3093,66.25,1.3812,2625.0
2019-02-14,75.223,66.6512,64.57,1.3732,2573.0
2019-02-13,74.9302,66.5134,63.61,1.3746,2575.0
2019-02-12,71.1413,64.1748,60.92,1.4931,2329.0
2019-02-10,71.4311,65.2033,57.69,1.5368,2247.0
2019-02-09,73.2575,66.7973,58.66,1.53515,2312.0
2019-02-08,72.4549,65.2713,61.89,1.4853,2121.0
2019-02-07,71.42,63.311,62.4,1.4428,2240.0
2019-02-05,73.12,65.4368,70.75,1.3222,2589.0
2019-02-04,73.1605,65.299,69.37,1.3439,2684.0
2019-02-01,74.02515,65.35465,54.91,1.3495,2958.0
2019-01-31,74.8898,65.4103,61.89,1.384,2814.0
2019-01-30,75.238,65.5051,61.65,1.3759,2854.0
2019-01-29,75.495,66.0576,61.32,1.3756,2950.0
2019-01-28,75.7138,66.264,59.93,1.3698,2911.0
2019-01-25,75.3228,65.9938,61.64,1.364,3178.0
2019-01-24,74.3983,65.7634,61.09,1.3449,3099.0
2019-01-23,75.2204,66.0805,61.14,1.3493,2980.0
2019-01-22,75.56,66.5341,61.5,1.3484,3040.0
2019-01-21,75.4506,66.3882,62.74,1.27905,3320.0
2019-01-20,75.37215,66.33019999999999,62.72,1.28205,3323.0
2019-01-18,75.2937,66.2722,62.7,1.3481,3482.0
2019-01-17,75.5875,66.3653,61.18,1.3579,3413.0
2019-01-16,75.6167,66.372,61.32,1.3593,3384.0
2019-01-15,76.4092,66.9595,60.64,1.3537,3501.0
2019-01-14,76.908,67.0783,58.99,1.3572,3591.0
2019-01-11,70.9525,63.5244,61.69,1.5413,2714.0
2019-01-10,71.3367,65.2647,58.89,1.518,2283.0
2019-01-09,71.33615,64.80825,59.695,1.53805,2275.0
2019-01-08,71.3356,64.3518,60.5,1.4615,2202.0
2019-01-07,71.0623,62.973,65.06,1.4236,2267.0
2019-01-05,72.06739999999999,64.0757,72.18,1.3342,2620.0
2019-01-04,73.0725,65.1784,69.01,1.3427,2708.0
2019-01-03,74.8867,65.9365,65.07,1.3583,2859.0
2019-01-02,75.0792,65.5049,62.75,1.3811,2734.0
2019-01-01,77.537,67.6684,58.275,1.28335,2982.0
2018-12-31,78.7659,68.75015,53.8,1.3471,2940.0
2018-12-29,79.9948,69.8319,53.0,1.3477000000000001,3121.5
2018-12-28,79.67,69.5012,52.2,1.3483,3303.0
2018-12-27,79.54,69.5675,52.16,1.3465,3642.0
2018-12-26,78.0101,68.6993,54.47,1.3383,3543.0
2018-12-25,78.2567,68.6627,52.47,1.27075,3490.0
2018-12-24,78.1899,68.5829,50.47,1.337,3467.0
2018-12-21,78.2502,68.8671,53.82,1.3231,3816.0
2018-12-20,78.3169,68.3253,54.35,1.3331,3583.0
2018-12-19,76.7653,67.4674,57.24,1.3213,3726.0
2018-12-18,76.4244,67.2727,56.26,1.3185,3838.0
2018-12-17,75.7665,66.7793,59.61,1.3174,3528.0
2018-12-14,75.4698,66.745,60.28,1.307,3827.0
2018-12-13,75.2363,66.2312,61.45,1.3132,4124.0
2018-12-12,75.5275,66.3996,60.15,1.3158,4136.0
2018-12-11,76.2252,67.846,70.12,1.2768,3788.0
2018-12-10,76.426,66.1173,80.43,1.2963,3161.0
2018-12-09,80.262,69.0146,79.74,1.2839,2829.0
2018-12-07,72.65,62.2673,74.45,1.3352,2797.0
2018-12-06,74.52915,62.1353,75.88,1.3922,2939.0
2018-12-04,76.4083,62.0033,72.02,1.4414,2686.0
2018-12-03,70.18,56.8865,64.95,1.4248,2778.0
2018-12-02,71.09,57.8294,62.59,1.4209,2552.0
2018-12-01,68.9774,56.6433,69.87,1.4257,3200.0
2018-11-30,75.745,66.951,58.71,1.2927,4612.0
2018-11-29,75.4208,66.2124,59.51,1.297,4646.0
2018-11-28,76.1575,66.9647,58.76,1.2964,4715.0
2018-11-27,75.7692,67.0611,60.21,1.2865,4262.0
2018-11-26,75.9902,67.0954,60.48,1.2958,4248.0
2018-11-23,75.0343,66.1953,58.8,1.2961,4308.0
2018-11-22,74.85,65.6232,62.6,1.228,4268.0
2018-11-21,74.76,65.6668,63.48,1.3008,4451.0
2018-11-20,75.2419,66.1682,62.53,1.2934,4523.0
2018-11-19,75.0922,65.5405,66.79,1.2975,4700.0
2018-11-16,75.35,65.9801,66.76,1.2949,4272.0
2018-11-15,74.6825,65.892,66.62,1.2876,4038.0
2018-11-14,75.9477,67.0379,66.12,1.2832,4837.0
2018-11-13,76.8585,68.1147,65.47,1.2747,4101.0
2018-11-12,75.1404,66.3795,60.2,1.3129,4407.0
2018-11-10,76.81,66.2668,80.26,1.3023,3222.0
2018-11-09,80.5843,69.4245,79.06,1.2744,2828.0
2018-11-07,72.78,62.3559,73.4,1.3331,2829.0
2018-11-06,74.041,62.8155,76.46,1.3959,2949.0
2018-11-05,73.9077,61.9193,77.12,1.4204,2806.0
2018-11-04,77.433,62.5825,72.06,1.46,2675.0
2018-11-01,67.86,56.4285,69.26,1.4114,3084.0
2018-10-31,74.585,65.8789,75.47,1.2882,3261.0
2018-10-30,74.3873,65.5526,75.91,1.2989,3187.0
2018-10-29,74.9465,65.8499,77.34,1.3011,3185.0
2018-10-26,74.9188,65.7188,77.62,1.3097,3185.0
2018-10-25,74.545,65.5962,76.89,1.3067,3202.0
2018-10-24,74.8225,65.6765,76.17,1.3055,3166.0
2018-10-23,75.15,65.5107,76.44,1.312,3212.0
2018-10-22,74.7875,65.242,79.83,1.2998,3138.0
2018-10-19,75.4442,65.4911,79.78,1.3038,3250.0
2018-10-18,75.3725,65.8044,79.29,1.3051,3198.0
2018-10-17,75.285,65.4946,80.05,1.3019,3320.0
2018-10-16,75.615,65.3067,81.41,1.3058,3239.0
2018-10-15,76.029,65.6526,80.78,1.3054,3242.0
2018-10-12,75.6789,66.6529,59.97,1.3148,4545.0
2018-10-10,77.0565,66.8935,83.09,1.2677,3284.0
2018-10-09,81.83,70.5613,77.37,1.2716,2804.0
2018-10-08,77.2276,67.7061,72.81,1.2946,2944.0
2018-10-07,72.5677,61.737,78.86,1.3449,2788.0
2018-10-05,73.53,61.71,77.47,1.4221,2814.0
2018-10-04,77.89,63.0382,71.04,1.4455,2656.0
2018-10-01,68.1683,57.0222,69.2,1.4083,2906.0
2018-09-28,76.0865,65.5503,82.72,1.2687,3008.0
2018-09-27,76.376,65.6158,81.72,1.2598,3056.0
2018-09-26,77.26,65.8054,81.34,1.2718,3021.0
2018-09-25,77.555,65.8789,81.87,1.2782,3082.0
2018-09-24,77.3675,65.8465,81.2,1.2774,3038.0
2018-09-21,78.065,66.4138,78.8,1.2743,2977.0
2018-09-20,78.0444,66.2735,78.7,1.2844,2976.0
2018-09-19,77.995,66.8168,79.4,1.2815,2908.0
2018-09-18,78.5999,67.3648,79.03,1.2757,2933.0
2018-09-17,79.4967,68.0636,78.05,1.2784,2814.0
2018-09-14,79.1411,68.0749,78.09,1.2738,2767.0
2018-09-13,79.775,68.2455,78.18,1.281,2817.0
2018-09-11,77.17,68.1088,70.18,1.2822,3719.0
2018-09-10,76.1543,66.2607,85.0,1.2658,3266.0
2018-09-08,76.8125,66.6899,72.07,1.2958,2955.0
2018-09-07,73.4513,62.4951,78.07,1.3488,2828.0
2018-09-06,73.6625,62.5143,77.63999999999999,1.3809,2782.5
2018-09-05,74.18539999999999,61.58255,77.21,1.413,2737.0
2018-09-04,74.7083,60.6508,68.65,1.4396,2693.0
2018-09-03,69.7428,56.6574,65.49,1.428,2732.0
2018-09-02,71.4528,58.3863,62.79,1.4101,2584.0
2018-09-01,68.02,56.993,68.82,1.4013,2923.0
2018-08-31,78.3903,67.5458,77.42,1.2777,2916.0
2018-08-30,79.6275,68.2441,77.77,1.2761,2874.0
2018-08-29,79.5775,67.9422,77.14,1.2833,2895.0
2018-08-28,79.3456,67.87,75.95,1.2864,2852.0
2018-08-27,78.8473,67.5231,76.21,1.288,2876.0
2018-08-24,78.0149,67.0894,75.82,1.285,2917.0
2018-08-23,78.675,68.1905,74.73,1.2652,2964.0
2018-08-22,78.9,68.028,74.78,1.2758,2956.0
2018-08-21,77.85,67.2698,72.63,1.2728,2980.0
2018-08-20,77.0619,67.1083,72.21,1.2675,2941.0
2018-08-17,76.6575,67.0448,71.83,1.2581,2946.0
2018-08-16,75.9753,66.8308,71.43,1.258,2908.0
2018-08-15,76.35,67.2998,70.76,1.2597,2940.0
2018-08-14,75.2736,66.337,72.46,1.2759,2959.0
2018-08-13,77.375,67.8125,72.61,1.2741,2930.0
2018-08-11,75.975,66.9029,70.65,1.2993,3543.0
2018-08-10,76.5028,66.5707,83.91,1.2629,3267.0
2018-08-08,76.1249,65.549,72.28,1.2968,2949.0
2018-08-06,73.3328,62.3193,76.46,1.3948,2890.0
2018-08-05,75.0206,63.2083,74.85,1.4138,2732.0
2018-08-03,73.28985,60.81355,63.61,1.4237,2756.0
2018-08-02,71.5591,58.4188,64.81,1.4148,2697.0
2018-08-01,72.35204999999999,60.463300000000004,67.78,1.4074,2835.0
2018-07-31,73.145,62.5078,74.25,1.3098,2782.0
2018-07-30,72.8543,62.2518,74.97,1.3077,2797.0
2018-07-27,73.1722,62.7967,74.29,1.309,2822.0
2018-07-26,73.29,62.9533,74.54,1.3115,2780.0
2018-07-25,73.6915,62.8188,73.93,1.3167,2775.0
2018-07-24,73.975,63.3094,73.44,1.3108,2732.0
2018-07-23,73.72,63.0689,73.06,1.3107,2721.0
2018-07-20,74.4,63.5093,73.07,1.3168,2757.0
2018-07-19,74.1418,63.6649,72.58,1.3104,2769.0
2018-07-18,73.3305,62.9669,72.9,1.315,2721.0
2018-07-17,72.9695,62.5927,72.16,1.3146,2740.0
2018-07-16,72.9813,62.3227,71.84,1.3275,2759.0
2018-07-13,73.0744,62.5553,75.33,1.329,2752.0
2018-07-12,75.7425,66.4006,61.67,1.3195,4488.0
2018-07-11,75.8776,66.3182,72.07,1.3028,3555.0
2018-07-09,80.8,69.9025,76.83,1.2721,2776.0
2018-07-08,73.65,63.5012,74.65,1.2942,2897.0
2018-07-06,73.636,62.4179,77.32,1.3948,2930.0
2018-07-05,75.0301,62.9264,76.17,1.4142,2741.0
2018-07-03,70.4942,56.8026,64.34,1.4279,2777.0
2018-07-02,70.6686,57.611,65.51,1.4107,2702.0
2018-06-29,73.3417,62.7338,79.44,1.3437,2924.0
2018-06-28,72.6075,62.8012,77.85,1.34,2940.0
2018-06-27,73.1075,63.2109,77.62,1.3455,2996.0
2018-06-26,73.4225,63.0303,76.31,1.35,2939.0
2018-06-25,73.4475,62.7825,74.73,1.3596,2923.0
2018-06-22,73.3218,62.8773,75.55,1.3617,2945.0
2018-06-21,73.9275,63.7063,73.05,1.3614,2975.0
2018-06-20,73.7125,63.6888,74.74,1.3657,2964.0
2018-06-19,74.0153,63.8736,75.08,1.3696,2900.0
2018-06-18,73.7766,63.4583,75.34,1.3715,2951.0
2018-06-15,73.3256,63.188,73.44,1.3697,3022.0
2018-06-14,72.5,62.6085,75.94,1.401,2965.0
2018-06-13,73.6793,62.5049,76.74,1.3939,2963.0
2018-06-12,76.0997,66.8741,60.06,1.3102,4327.0
2018-06-11,75.5,66.1311,72.13,1.3004,3555.0
2018-06-09,80.5013,69.2575,76.5,1.2757,2772.0
2018-06-08,73.6285,63.7398,73.75,1.2936,2860.0
2018-06-07,73.9614,62.9677,77.11,1.3446,2858.0
2018-06-06,72.7363,61.7848,75.36,1.3939,2896.0
2018-06-04,71.445,58.1605,67.11,1.4359,2701.0
2018-06-03,70.305,56.6653,65.79,1.4359,2749.0
2018-06-02,70.368,56.8765,66.86,1.4254,2759.0
2018-05-31,72.9775,62.403,77.59,1.395,2952.0
2018-05-30,72.4388,62.0777,77.5,1.3967,2885.0
2018-05-29,72.4191,62.8181,75.39,1.3937,2875.0
2018-05-28,72.455,62.2991,75.3,1.2976,2975.0
2018-05-27,72.5205,62.287800000000004,75.87,1.2983,2957.0
2018-05-25,72.586,62.2765,76.44,1.4032,2939.0
2018-05-24,72.23,61.6104,78.79,1.4042,2940.0
2018-05-23,71.745,61.3504,79.8,1.3892,2914.0
2018-05-22,72.0678,61.2143,79.57,1.3921,2908.0
2018-05-21,72.655,61.6018,79.22,1.3911,2810.0
2018-05-18,73.3924,62.2749,78.51,1.3913,2847.0
2018-05-17,73.3444,62.1747,79.3,1.39,2859.0
2018-05-16,72.8849,61.7229,79.28,1.3921,2815.0
2018-05-15,73.81,62.3277,78.43,1.3898,2836.0
2018-05-14,73.78,61.8468,78.23,1.4179,2842.0
2018-05-12,75.5186,66.5669,61.56,1.3096,4469.0
2018-05-11,76.1204,66.5732,73.17,1.3064,3567.0
2018-05-10,76.7222,66.5795,84.16,1.2802,3143.0
2018-05-09,79.3885,68.2578,77.27,1.2726,2795.0
2018-05-07,73.7875,63.1154,77.39,1.3474,2837.0
2018-05-06,72.8,62.1456,75.38,1.3945,2890.0
2018-05-04,70.6189,57.701,68.33,1.4281,2675.0
2018-05-03,69.6033,56.4175,65.54,1.4205,2704.0
2018-05-02,70.9706,57.2066,67.62,1.4329,2747.0
2018-05-01,68.6693,56.9903,67.62,1.4083,2795.0
2018-04-30,76.07,62.9408,75.17,1.4191,2763.0
2018-04-28,75.6917,62.2628,74.905,1.42135,2767.0
2018-04-27,75.41,62.1468,74.64,1.4236,2771.0
2018-04-26,75.8825,62.7207,74.74,1.418,2821.0
2018-04-25,75.9775,62.4365,74.0,1.4229,2786.0
2018-04-24,75.3798,61.6169,73.86,1.4331,2781.0
2018-04-23,75.43,61.8073,74.71,1.424,2740.0
2018-04-20,75.465,61.3989,74.06,1.4382,2739.0
2018-04-19,75.1243,60.8735,73.78,1.4488,2660.0
2018-04-18,75.3313,60.8345,73.48,1.4535,2739.0
2018-04-17,76.1313,61.5287,71.58,1.4493,2738.0
2018-04-16,75.72,61.1455,71.42,1.4506,2752.0
2018-04-13,76.5,62.0141,72.58,1.4479,2735.0
2018-04-12,75.7897,66.8401,62.08,1.3136,4457.0
2018-04-10,77.1542,67.0142,84.58,1.2755,3165.0
2018-04-09,78.8808,68.1158,78.17,1.2702,2823.0
2018-04-07,73.6625,63.2333,78.24,1.2581,2841.0
2018-04-06,72.61,62.0607,75.29,1.3895,2930.0
2018-04-05,74.8372,62.5452,74.87,1.4147,2711.0
2018-04-04,70.5468,57.4433,68.02,1.4397,2718.0
2018-04-01,68.641,56.8765,68.07,1.4073,2880.0
2018-03-30,70.4404,57.1444,69.16999999999999,1.41665,2806.5
2018-03-29,70.495,57.2599,70.27,1.426,2733.0
2018-03-28,71.0249,57.7175,69.53,1.4289,2698.0
2018-03-27,71.3238,57.514,70.11,1.4478,2691.0
2018-03-26,71.1511,57.1677,70.12,1.461,2618.0
2018-03-23,70.735,57.2738,70.45,1.455,2591.0
2018-03-22,70.4483,57.2432,68.91,1.4322,2617.0
2018-03-21,70.19,56.8775,69.47,1.4266,2638.0
2018-03-20,70.4078,57.5115,67.42,1.4162,2675.0
2018-03-19,71.3275,57.8321,66.05,1.4217,2651.0
2018-03-16,70.6278,57.4925,66.21,1.4163,2688.0
2018-03-15,70.6756,57.4571,65.12,1.4217,2681.0
2018-03-14,70.6905,57.1378,64.89,1.4297,2731.0
2018-03-13,70.6605,57.0321,64.64,1.4314,2786.0
2018-03-12,75.4693,66.5095,61.69,1.3064,4339.0
2018-03-10,75.671,65.87,86.29,1.2767,3230.0
2018-03-09,79.144,68.1184,78.15,1.2063,2865.0
2018-03-08,73.284,63.3389,73.21,1.2994,2853.0
2018-03-07,73.6083,63.1266,77.76,1.3422,2870.0
2018-03-05,75.58,63.0305,73.62,1.4124,2726.0
2018-03-04,70.6554,57.5754,68.12,1.4365,2697.0
2018-03-01,68.899,57.2561,67.84,1.404,3008.0
2018-02-28,68.76,56.3291,65.78,1.4192,2667.0
2018-02-27,68.8562,56.2801,66.63,1.4196,2683.0
2018-02-26,68.5725,55.7134,67.5,1.4331,2639.0
2018-02-23,69.10395,56.1154,67.31,1.429,2625.0
2018-02-22,69.6354,56.5174,66.39,1.4314,2634.0
2018-02-21,69.69,56.7495,65.42,1.4306,2659.0
2018-02-20,69.785,56.5621,65.25,1.4284,2616.0
2018-02-19,70.0625,56.471,65.67,1.3478,2606.0
2018-02-18,70.03115,56.4308,65.255,1.3505,2582.0
2018-02-16,69.9998,56.3906,64.84,1.4528,2558.0
2018-02-15,70.5217,56.4008,64.33,1.4515,2580.0
2018-02-14,70.6374,56.7102,64.36,1.4529,2587.0
2018-02-13,71.2248,57.6292,62.72,1.4248,2594.0
2018-02-11,75.4408,66.2021,72.83,1.3073,3284.0
2018-02-10,75.62,65.503,84.8,1.2807,3166.0
2018-02-09,74.51644999999999,64.44315,79.125,1.2049,2897.0
2018-02-08,73.4129,63.3833,73.45,1.2962,2816.0
2018-02-07,73.83,63.4293,77.3,1.3297,2862.0
2018-02-05,76.4718,64.0141,73.36,1.4053,2754.0
2018-02-04,70.73,57.4961,67.64,1.4458,2683.0
2018-02-03,70.0418,56.8092,64.37,1.4242,2695.0
2018-02-02,70.4442,56.5501,68.58,1.4346,2846.0
2018-02-01,70.09725,56.3788,66.57,1.4001,3056.0
2018-01-31,69.7503,56.2075,69.05,1.4394,2995.0
2018-01-30,69.91,56.3823,69.02,1.4362,3195.0
2018-01-29,69.7252,56.3178,69.46,1.4413,3631.0
2018-01-26,69.7925,56.2572,70.52,1.4537,3505.0
2018-01-25,69.3751,55.9244,70.42,1.4631,3447.0
2018-01-24,69.62,56.178,70.53,1.4563,3509.0
2018-01-23,69.2975,56.3553,69.96,1.4342,3444.0
2018-01-22,69.2673,56.5021,69.03,1.4296,3224.0
2018-01-19,69.345,56.7174,68.61,1.4259,3185.0
2018-01-18,69.13,56.5177,69.31,1.419,3189.0
2018-01-17,69.3183,56.7504,69.38,1.431,3232.0
2018-01-16,69.3476,56.5307,69.15,1.4281,3129.0
2018-01-15,69.1492,56.3352,70.26,1.3418,3133.0
2018-01-14,72.05584999999999,61.0304,71.575,1.3374,3116.0
2018-01-11,74.9625,65.7256,72.89,1.3122,3237.0
2018-01-10,75.2018,64.9848,84.98,1.2644,3094.0
2018-01-08,73.4948,63.0369,72.39,1.304,2758.0
2018-01-06,72.5732,62.2012,76.79,1.3901,2962.0
2018-01-05,71.12385,59.5115,73.13,1.4064,2802.0
2018-01-03,69.6745,56.8218,63.83,1.406,2698.0
2018-01-02,69.9893,55.9171,69.65,1.4451,2856.0
2018-01-01,69.6173,56.764250000000004,68.26,1.3087,3082.0
2017-12-29,69.2453,57.6114,66.87,1.3919,2953.0
2017-12-28,68.65,57.5153,66.72,1.3794,2914.0
2017-12-27,68.6825,57.7424,66.44,1.3723,2738.0
2017-12-26,68.3761,57.623,67.02,1.3685,2643.0
2017-12-25,68.7695,57.9674,66.13499999999999,1.2779,2733.0
2017-12-22,69.235,58.3697,65.25,1.3598,2667.0
2017-12-21,69.4075,58.4615,64.9,1.3513,2598.0
2017-12-20,69.7402,58.7035,64.56,1.3504,2637.0
2017-12-19,69.625,58.7743,63.8,1.3448,2692.0
2017-12-18,69.0917,58.6635,63.41,1.3456,2745.0
2017-12-15,69.1253,58.8009,63.23,1.3374,2612.0
2017-12-14,69.2975,58.7556,63.31,1.3372,2684.0
2017-12-13,69.3171,58.619,62.44,1.3287,2715.0
2017-12-12,69.6488,59.296,63.34,1.3219,2678.0
2017-12-10,68.2202,57.6879,56.25,1.3723,2989.0
2017-12-09,69.0269,57.7056,54.27,1.4018,3001.0
2017-12-07,68.45,59.9962,47.74,1.2912,2985.0
2017-12-06,63.817,58.546800000000005,48.29,1.3415,3024.0
2017-12-05,62.4401,57.0974,50.84,1.3057,3424.0
2017-12-04,60.3542,56.6023,55.86,1.3573,3187.0
2017-12-01,63.0387,59.3491,56.01,1.2833,3386.0
2017-11-30,69.525,58.438,63.57,1.3573,3025.0
2017-11-29,69.5,58.6144,63.11,1.3664,3179.0
2017-11-28,69.1312,58.3803,63.61,1.379,3074.0
2017-11-27,69.5925,58.4853,63.84,1.3787,2928.0
2017-11-24,69.6407,58.3732,63.86,1.3716,2813.0
2017-11-23,69.2998,58.4456,63.55,1.29166,2904.0
2017-11-22,69.0878,58.5001,63.32,1.3764,2968.0
2017-11-21,69.44,59.1888,62.57,1.3648,3017.0
2017-11-20,69.6166,59.3469,62.22,1.3576,3047.0
2017-11-17,69.7275,59.0623,62.72,1.378,3097.0
2017-11-16,70.2357,59.6749,61.36,1.3594,3053.0
2017-11-15,71.05,60.2027,61.87,1.3587,3080.0
2017-11-14,71.0205,60.2303,62.21,1.3642,3102.0
2017-11-13,69.269,59.3625,63.16,1.3604,3167.0
2017-11-12,69.5083,58.9983,64.69,1.3268,2828.0
2017-11-10,68.6035,57.831,56.94,1.3645,2889.0
2017-11-09,68.409,57.2123,53.84,1.4041,2950.0
2017-11-08,70.8034,59.8733,52.1,1.3614,2983.0
2017-11-07,69.663,60.7255,47.52,1.2877,3047.0
2017-11-05,61.9675,57.0558,50.77,1.3029,3376.0
2017-11-04,60.38,56.9215,56.23,1.3534,3150.0
2017-11-01,63.139,59.7256,55.1,1.28,3224.0
2017-10-31,67.9368,58.3289,61.37,1.3477,2896.0
2017-10-30,67.5378,57.9716,60.9,1.3549,2966.0
2017-10-27,67.3529,58.068,60.44,1.3491,2752.0
2017-10-26,67.4533,57.856,59.3,1.3465,2890.0
2017-10-25,68.2131,57.7552,58.44,1.3555,2919.0
2017-10-24,67.79,57.6412,58.33,1.3542,2974.0
2017-10-23,67.5905,57.548,57.37,1.3569,2991.0
2017-10-20,67.7303,57.4945,57.75,1.3562,2915.0
2017-10-19,67.9092,57.2734,57.23,1.3659,2873.0
2017-10-18,67.73,57.4379,58.15,1.3593,2854.0
2017-10-17,67.41,57.2975,57.88,1.3625,2962.0
2017-10-16,67.5998,57.3217,57.82,1.3797,2946.0
2017-10-13,67.6118,57.174,57.17,1.3804,3000.0
2017-10-11,69.0688,59.2115,63.52,1.3545,3213.0
2017-10-10,68.4783,57.9808,56.61,1.3694,2891.0
2017-10-08,70.7394,60.117,51.9,1.3578,2985.0
2017-10-07,68.7106,60.2273,46.88,1.286,2929.0
2017-10-05,62.4629,57.4522,50.22,1.2976,3292.0
2017-10-04,60.5925,57.1778,55.98,1.3333,3238.0
2017-10-03,63.0749,58.9965,51.37,1.284,3008.0
2017-10-02,61.9424,58.2219,56.7,1.3145,3034.0
2017-10-01,63.5224,60.1636,53.64,1.2685,3278.0
2017-09-29,67.935,57.4898,57.54,1.3576,3007.0
2017-09-28,68.215,57.9127,57.41,1.3613,3017.0
2017-09-27,68.3675,58.1983,57.9,1.3607,2974.0
2017-09-26,68.18,57.8226,58.44,1.3741,2918.0
2017-09-25,68.22,57.571,59.02,1.3835,2919.0
2017-09-22,68.652,57.4783,56.86,1.3694,2959.0
2017-09-21,69.1474,57.901,56.43,1.3667,2946.0
2017-09-20,69.1097,58.1041,56.29,1.3883,3094.0
2017-09-19,69.7298,58.1302,55.14,1.3826,3122.0
2017-09-18,69.4893,58.1199,55.48,1.3803,3146.0
2017-09-15,68.8663,57.6329,55.62,1.3951,3024.0
2017-09-14,68.485,57.4996,55.47,1.3992,3070.0
2017-09-13,68.8912,57.9559,55.16,1.3967,3058.0
2017-09-11,69.0101,59.2894,63.93,1.3668,3200.0
2017-09-10,68.4605,58.347,55.79,1.3604,2833.0
2017-09-08,70.5415,59.9945,52.7,1.347,2883.0
2017-09-06,63.8521,57.0237,48.15,1.3439,3039.0
2017-09-05,63.526,58.16175,48.73,1.2951,3227.0
2017-09-03,62.7853,59.2998,52.19,1.2857,2974.0
2017-09-02,62.8448,58.96,55.63,1.3154,3141.0
2017-09-01,63.496,60.0788,54.94,1.2676,3103.0
2017-08-31,69.0549,58.006,52.38,1.3885,3040.0
2017-08-30,69.6,58.5678,50.86,1.3809,2939.0
2017-08-29,70.4484,58.8299,52.0,1.3857,2961.0
2017-08-28,69.9817,58.4388,51.89,1.3826,2925.0
2017-08-25,69.8107,58.5828,52.41,1.3648,2892.0
2017-08-24,69.835,59.1624,52.04,1.3589,2949.0
2017-08-23,69.7644,59.063,52.57,1.3617,2928.0
2017-08-22,69.51,59.0868,51.87,1.3586,2939.0
2017-08-21,69.8887,59.1428,51.66,1.3641,2962.0
2017-08-18,69.4318,59.0003,52.72,1.3588,2893.0
2017-08-17,69.4154,59.234,51.03,1.3599,2929.0
2017-08-16,69.9053,59.3852,50.27,1.3508,2890.0
2017-08-15,70.0784,59.7038,50.8,1.3475,2935.0
2017-08-14,70.495,59.863,50.73,1.3581,2959.0
2017-08-12,69.6396,59.1639,63.4,1.3281,2772.0
2017-08-11,68.665,59.2551,63.49,1.3623,3175.0
2017-08-09,69.065,57.357,53.78,1.4193,2890.0
2017-08-08,70.3174,59.8262,52.14,1.3304,2822.0
2017-08-06,63.8309,56.9048,47.86,1.3519,3028.0
2017-08-05,63.701,58.06855,49.34,1.3061,3172.0
2017-08-03,62.095,58.650425,53.11,1.2919,2901.0
2017-08-02,63.3275,59.2323,55.12,1.3183,3126.0
2017-07-31,70.7481,59.7719,52.65,1.3407,2794.0
2017-07-28,70.0223,59.5578,52.52,1.3426,2941.0
2017-07-27,69.4656,59.4968,51.49,1.3337,2969.0
2017-07-26,69.7123,59.4064,50.97,1.3224,2924.0
2017-07-25,69.7964,59.8868,50.2,1.3232,2944.0
2017-07-24,69.8644,60.0094,48.6,1.3254,2899.0
2017-07-21,69.2725,59.3829,48.06,1.3259,2970.0
2017-07-20,68.5279,58.9316,49.3,1.3171,3043.0
2017-07-19,67.92,58.997,49.7,1.3137,3066.0
2017-07-18,68.3607,59.1807,48.84,1.3135,3088.0
2017-07-17,68.1574,59.355,48.42,1.3054,3020.0
2017-07-14,67.7986,59.0851,48.91,1.2988,2980.0
2017-07-13,68.18,59.8363,48.42,1.2885,2961.0
2017-07-12,69.7225,59.1867,62.2,1.333,2763.0
2017-07-11,68.7898,59.3594,63.69,1.3539,3152.0
2017-07-09,68.415,56.9,54.49,1.418,2981.0
2017-07-08,70.817,60.0388,52.37,1.332,2801.0
2017-07-07,68.814,60.361,46.71,1.2824,2864.0
2017-07-06,64.34,57.0911,48.06,1.3656,3020.0
2017-07-04,60.6652,57.248,55.24,1.3368,3261.0
2017-07-03,61.53,58.1777,55.92,1.2977,2824.0
2017-07-02,63.4318,59.3378,55.05,1.3164,3130.0
2017-06-30,67.3215,58.9401,47.92,1.314,3035.0
2017-06-29,67.9587,59.4146,47.42,1.3177,3042.0
2017-06-28,67.3649,59.2004,47.31,1.3208,3067.0
2017-06-27,67.4371,59.4894,46.65,1.3184,3037.0
2017-06-26,65.7338,58.7853,45.83,1.3177,3027.0
2017-06-23,66.5015,59.395,45.54,1.3277,2929.0
2017-06-22,66.8567,59.946,45.22,1.3204,2894.0
2017-06-21,67.3498,60.3063,44.82,1.3171,2893.0
2017-06-20,66.38,59.62,46.02,1.3152,2907.0
2017-06-19,65.17,58.4527,46.91,1.3188,2894.0
2017-06-16,64.6807,57.779,47.37,1.3285,3037.0
2017-06-15,64.4559,57.8743,46.92,1.3268,3056.0
2017-06-14,64.4503,57.4307,47.0,1.3482,2933.0
2017-06-13,63.8506,56.9845,48.72,1.3412,2966.0
2017-06-12,69.8689,59.218,61.22,1.3462,2922.0
2017-06-11,69.07445,58.703,64.27,1.3597,3134.0
2017-06-10,68.28,58.188,55.62,1.35,2863.0
2017-06-09,68.42,57.3641,54.2,1.4059,3000.0
2017-06-07,68.7185,60.1558,48.11,1.2967,2888.0
2017-06-06,63.7425,56.5353,50.12,1.37,3042.0
2017-06-04,60.004,56.3955,54.89,1.3324,3331.0
2017-06-03,61.5832,58.2036,56.01,1.3073,2901.0
2017-06-02,63.3425,58.903,55.72,1.3133,3050.0
2017-06-01,62.7961,59.6046,57.1,1.2557,3285.0
2017-05-31,63.5638,56.5617,50.31,1.3485,3071.0
2017-05-30,63.2892,56.5497,51.84,1.3391,3145.0
2017-05-29,63.095,56.4855,52.29,1.26669,3201.0
2017-05-28,63.1225,56.5029,52.22,1.26822,3236.0
2017-05-26,63.15,56.5203,52.15,1.3448,3236.0
2017-05-25,63.814,56.9672,51.46,1.3333,3184.0
2017-05-24,63.3258,56.4127,53.96,1.3297,3209.0
2017-05-23,63.037,56.3695,54.15,1.3321,3219.0
2017-05-22,63.6197,56.6293,53.87,1.338,3330.0
2017-05-19,63.7735,56.9264,53.61,1.3299,3256.0
2017-05-18,63.9352,57.5828,52.51,1.3292,3182.0
2017-05-17,63.6953,57.0978,52.21,1.3362,3192.0
2017-05-16,62.7045,56.5699,51.65,1.3144,3230.0
2017-05-15,61.8778,56.352,51.82,1.308,3349.0
2017-05-12,69.4704,58.7367,62.86,1.3451,2914.0
2017-05-10,67.5175,57.6916,57.0,1.3483,2923.0
2017-05-09,68.5707,57.527,53.38,1.4112,2972.0
2017-05-07,68.0987,59.9993,47.79,1.2939,2840.0
2017-05-06,63.754,56.6103,49.47,1.3556,2982.0
2017-05-05,63.711,57.9436,49.1,1.3058,3266.0
2017-05-04,60.1931,56.379,54.36,1.3275,3266.0
2017-05-01,62.9371,59.4481,56.89,1.2621,3273.0
2017-04-28,62.0391,56.9311,51.73,1.3471,3276.0
2017-04-27,61.9263,56.9705,51.44,1.3447,3239.0
2017-04-26,62.3231,57.1535,51.82,1.343,3142.0
2017-04-25,61.426,56.1574,52.1,1.346,3043.0
2017-04-24,60.6913,55.8438,51.6,1.3558,3066.0
2017-04-21,60.5154,56.4576,51.96,1.367,3101.0
2017-04-20,60.2355,56.2073,52.99,1.3617,3159.0
2017-04-19,60.575,56.5833,52.93,1.3605,3185.0
2017-04-18,60.3556,56.2408,54.89,1.3709,3145.0
2017-04-17,59.5541,55.9267,55.36,1.3698,3163.0
2017-04-14,59.823,56.3578,55.625,1.28965,3195.0
2017-04-13,59.8032,56.2679,55.89,1.3667,3227.0
2017-04-12,69.685,58.8003,62.45,1.358,2985.0
2017-04-10,67.8716,57.6845,55.8,1.351,2940.0
2017-04-09,68.8325,57.8349,52.34,1.33808,3021.0
2017-04-08,70.6025,59.9798,52.42,1.3317,2774.0
2017-04-07,67.385,59.4093,49.61,1.22755,2984.0
2017-04-05,64.1037,58.3694,48.38,1.3074,3186.0
2017-04-04,59.8477,56.0787,54.17,1.3368,3293.0
2017-04-01,63.3748,60.4653,56.46,1.2471,3267.0
2017-03-31,59.9583,56.2665,52.83,1.3298,3190.0
2017-03-30,59.8845,56.0929,52.96,1.3267,3191.0
2017-03-29,60.9478,56.6068,52.42,1.3355,3175.0
2017-03-28,61.6275,57.0335,51.33,1.3375,3096.0
2017-03-27,61.8314,56.9101,50.75,1.3374,3052.0
2017-03-24,61.4788,56.8904,50.8,1.3304,3076.0
2017-03-23,61.9698,57.4353,50.56,1.3285,3051.0
2017-03-22,62.3805,57.7887,50.64,1.3315,3011.0
2017-03-21,62.3584,57.698,50.96,1.329,3093.0
2017-03-20,61.5558,57.2987,51.62,1.3172,3041.0
2017-03-17,61.408,57.2234,51.76,1.3136,2948.0
2017-03-16,62.25,57.7819,51.74,1.3107,2902.0
2017-03-15,62.6415,58.396,51.81,1.2843,2981.0
2017-03-14,62.7457,59.1627,50.92,1.2863,2938.0
2017-03-13,62.6314,58.7928,51.35,1.2866,3043.0
2017-03-11,68.599,59.08,62.07,1.3469,2984.0
2017-03-10,68.0549,57.9168,56.0,1.3488,2895.0
2017-03-09,69.85235,59.132850000000005,54.004999999999995,1.34122,3043.0
2017-03-08,71.6498,60.3489,52.01,1.3416,2800.0
2017-03-07,67.325,59.284,49.68,1.2909,2951.0
2017-03-05,62.4777,57.3911,50.79,1.3276,3228.0
2017-03-04,59.8398,56.083,53.12,1.3327,3128.0
2017-03-03,61.7543,58.2217,55.9,1.3088,2827.0
2017-03-02,63.533,58.9824,56.81,1.3022,3063.0
2017-03-01,63.4066,60.9133,55.47,1.2447,3327.0
2017-02-28,61.7742,58.3058,55.59,1.3343,2774.0
2017-02-27,61.4477,58.0784,55.93,1.3391,2693.0
2017-02-24,61.8075,58.4175,55.99,1.3384,2627.0
2017-02-23,61.138,58.242149999999995,56.58,1.3317,2617.0
2017-02-22,61.4273,58.0668,55.84,1.3133,2592.0
2017-02-21,60.5817,57.4153,56.66,1.3192,2564.0
2017-02-20,61.5313,57.9656,56.18,1.2382,2878.0
2017-02-19,61.753150000000005,58.1963,55.995000000000005,1.2373,2894.0
2017-02-17,61.975,58.427,55.81,1.3194,2834.0
2017-02-16,61.4459,57.5993,55.65,1.3227,2854.0
2017-02-15,60.7171,57.2565,55.75,1.3142,2925.0
2017-02-14,60.4012,57.1288,55.97,1.3049,2905.0
2017-02-13,61.452,57.9851,55.59,1.3049,2944.0
2017-02-11,67.7959,58.1619,60.62,1.3554,2935.0
2017-02-10,67.93,57.899,56.12,1.3501,2916.0
2017-02-08,71.7925,60.5811,52.36,1.3455,2811.0
2017-02-06,63.9277,56.6453,49.95,1.3531,2999.0
2017-02-05,62.3,57.0137,50.46,1.3361,3195.0
2017-02-03,61.7876,58.8302,55.08,1.3139,2804.0
2017-02-02,63.9328,59.4117,56.56,1.3006,3187.0
2017-02-01,64.067,59.78530000000001,56.13,1.15105,3500.0
2017-01-31,64.9115,60.1589,55.7,1.2918,3117.0
2017-01-30,64.0683,59.9332,55.23,1.2764,3232.0
2017-01-27,63.9763,59.8178,55.52,1.2717,3391.0
2017-01-26,64.6,60.4317,56.24,1.2729,3382.0
2017-01-25,63.9579,59.5145,55.08,1.2811,3332.0
2017-01-24,63.5825,59.2511,55.44,1.2941,3279.0
2017-01-23,63.9188,59.5022,55.23,1.2989,3243.0
2017-01-20,63.9014,59.7521,55.49,1.2892,3204.0
2017-01-19,63.6923,59.7304,54.16,1.2855,3368.0
2017-01-18,63.3073,59.5544,53.92,1.2957,3302.0
2017-01-17,63.5971,59.4025,55.47,1.2974,3412.0
2017-01-16,63.4698,59.8588,55.86,1.20285,3483.0
2017-01-15,63.478049999999996,59.772850000000005,55.655,1.20335,3466.0
2017-01-13,63.4863,59.6869,55.45,1.2813,3419.0
2017-01-12,70.0573,58.896,63.73,1.3628,3061.0
2017-01-11,67.74,58.2807,60.49,1.3546,2893.0
2017-01-09,68.2193,57.5159,52.75,1.3971,3070.0
2017-01-08,71.2257,60.3483,51.78,1.3463,2819.0
2017-01-06,63.2527,56.3983,50.63,1.3432,3008.0
2017-01-05,62.11,57.3407,51.52,1.3346,3215.0
2017-01-03,61.4734,58.2831,56.36,1.3311,2799.0
2017-01-02,64.7567,60.128,56.8,1.2895,3168.0
2016-12-30,64.531,61.273,56.82,1.2345,3724.0
2016-12-29,63.255,60.4138,56.14,1.2412,3802.0
2016-12-28,62.8104,60.3297,56.22,1.224,3930.0
2016-12-27,63.4326,60.6708,56.09,1.2219,3761.0
2016-12-26,63.7725,60.9777,55.625,1.13455,3766.0
2016-12-25,63.8133,61.01705,55.3925,1.135,3714.0
2016-12-23,63.8541,61.0564,55.16,1.2168,3662.0
2016-12-22,63.6063,60.9426,55.05,1.2138,3538.0
2016-12-21,63.7603,61.15,54.46,1.2165,3542.0
2016-12-20,63.8522,61.4518,55.35,1.217,3263.0
2016-12-19,64.42,61.9306,54.92,1.2259,3392.0
2016-12-16,64.8408,62.0946,55.21,1.2209,3415.0
2016-12-15,64.3218,61.731,54.02,1.2131,3434.0
2016-12-14,65.2595,62.0812,53.9,1.2383,3540.0
2016-12-13,64.3892,60.6029,55.72,1.2336,3474.0
2016-12-12,64.9282,61.0442,55.69,1.2403,3507.0
2016-12-10,69.3428,63.0037,51.81,1.3077,3210.0
2016-12-09,72.5605,64.5918,48.32,1.3844,2915.0
2016-12-08,72.2732,64.764,46.97,1.4068,2586.0
2016-12-07,70.7073,63.8928,48.47,1.3907,2734.0
2016-12-05,73.8824,64.8982,48.08,1.3177,2155.0
2016-12-04,74.8035,65.7183,44.69,1.3064,2004.0
2016-12-02,88.2196,78.3558,33.36,1.2712,1966.0
2016-12-01,83.6592,77.0394,30.86,1.1371,2257.0
2016-11-30,68.006,64.142,50.47,1.2384,3352.0
2016-11-29,69.275,65.0979,46.38,1.2555,3315.0
2016-11-28,68.7483,64.8383,48.24,1.2586,3232.0
2016-11-25,68.8118,64.9468,47.24,1.2455,3085.0
2016-11-24,68.0244,64.4829,49.0,1.18555,3036.0
2016-11-23,68.0623,64.4667,48.95,1.2569,3026.0
2016-11-22,67.7474,63.7645,49.12,1.278,2982.0
2016-11-21,67.86,63.9144,48.9,1.2768,2950.0
2016-11-18,68.4847,64.6963,46.86,1.2764,2843.0
2016-11-17,68.8802,64.8285,46.49,1.2838,2703.0
2016-11-16,69.1798,64.7795,46.63,1.2903,2764.0
2016-11-15,68.841,64.1741,46.95,1.2909,2709.0
2016-11-14,70.8767,66.0222,44.43,1.2869,2749.0
2016-11-11,71.3662,65.7592,44.75,1.2827,2619.0
2016-11-10,69.3125,62.67,52.41,1.3095,3237.0
2016-11-08,71.6447,64.3135,46.04,1.414,2551.0
2016-11-07,70.9745,64.1963,46.25,1.4113,2702.0
2016-11-05,74.29,64.9921,47.6,1.3226,2173.0
2016-11-04,76.1952,66.7928,42.83,1.3024,1912.0
2016-11-03,77.974,69.9192,40.39,1.3086,1822.0
2016-11-02,90.1736,79.5917,30.06,1.2821,1994.0
2016-11-01,82.7787,76.2,31.55,1.1485,2396.0
2016-10-31,69.6093,63.3823,48.3,1.3337,3026.0
2016-10-28,69.1928,63.0059,49.71,1.3371,3105.0
2016-10-27,68.3619,62.7163,50.47,1.33,2764.0
2016-10-26,68.6239,62.8987,49.98,1.3246,2731.0
2016-10-25,67.782,62.2667,50.79,1.3316,2774.0
2016-10-24,67.6488,62.1881,51.46,1.3172,2831.0
2016-10-21,67.8964,62.3778,51.78,1.323,2993.0
2016-10-20,68.2808,62.486,51.38,1.3235,3141.0
2016-10-19,68.3425,62.2943,52.67,1.3252,3170.0
2016-10-18,68.9833,62.8137,51.68,1.3186,3263.0
2016-10-17,69.4075,63.1094,51.52,1.3118,3244.0
2016-10-14,69.1033,62.9718,51.95,1.3104,3285.0
2016-10-13,69.6823,63.0334,52.03,1.3123,3341.0
2016-10-11,71.242,65.4926,45.84,1.3266,2632.0
2016-10-10,69.0335,61.9853,53.14,1.3139,3275.0
2016-10-08,72.5219,64.87,44.05,1.4156,2561.0
2016-10-06,73.4959,65.2705,50.54,1.3277,2556.0
2016-10-05,75.3568,66.2856,45.52,1.3113,2158.0
2016-10-03,79.8165,71.4291,40.05,1.3201,1788.0
2016-10-02,88.8089,78.6429,30.84,1.2326,2046.0
2016-09-30,70.6641,62.8343,49.06,1.3704,2906.0
2016-09-29,70.8209,63.0892,49.24,1.3791,2959.0
2016-09-28,70.6625,63.0129,48.69,1.3767,2952.0
2016-09-27,71.6449,63.856,45.97,1.3844,2996.0
2016-09-26,71.93,63.9264,47.35,1.3986,2997.0
2016-09-23,71.9205,64.0518,45.89,1.396,2955.0
2016-09-22,71.41,63.6999,47.65,1.3992,2990.0
2016-09-21,71.455,63.8353,46.83,1.3883,3057.0
2016-09-20,72.2875,64.7819,45.88,1.3747,3047.0
2016-09-19,72.2378,64.6569,45.95,1.3744,2934.0
2016-09-16,72.6407,65.1138,45.77,1.3671,2948.0
2016-09-15,72.8578,64.7683,46.59,1.3749,2927.0
2016-09-14,73.2825,65.1533,45.85,1.3833,2889.0
2016-09-13,73.2431,65.2994,47.1,1.3808,2909.0
2016-09-12,65.9921,62.4933,54.33,1.236,3746.0
2016-09-11,69.7617,63.8751,46.36,1.3357,2690.0
2016-09-09,72.8033,64.8199,48.01,1.3931,2797.0
2016-09-08,71.962,64.773,44.98,1.4106,2615.0
2016-09-06,72.7975,64.3363,51.95,1.3244,2617.0
2016-09-05,75.793,67.72325000000001,43.63,1.3129,2098.0
2016-09-03,78.2243,71.1102,41.07,1.3034,1752.0
2016-09-02,90.0043,79.7087,30.32,1.2369,2098.0
2016-08-31,72.8328,65.3317,47.04,1.3679,2887.0
2016-08-30,72.7232,65.2607,48.37,1.3745,2827.0
2016-08-29,72.46,64.7624,49.26,1.3844,2853.0
2016-08-26,72.6152,64.8556,49.92,1.3832,2871.0
2016-08-25,73.0,64.6825,49.67,1.384,2846.0
2016-08-24,73.35,65.1602,49.05,1.3904,2796.0
2016-08-23,73.02,64.5946,49.96,1.4078,2761.0
2016-08-22,73.3607,64.8112,49.16,1.4052,2679.0
2016-08-19,72.3413,63.906,50.88,1.408,2584.0
2016-08-18,72.2375,63.6637,50.89,1.4191,2674.0
2016-08-17,72.0877,63.8325,49.85,1.4106,2619.0
2016-08-16,71.9,63.7823,49.23,1.419,2617.0
2016-08-15,71.6353,64.0429,48.35,1.4106,2590.0
2016-08-12,67.155,63.2743,53.89,1.2464,3695.0
2016-08-11,70.2395,63.7595,46.04,1.3362,2633.0
2016-08-09,72.0536,63.9808,49.99,1.4002,2806.0
2016-08-08,71.61,64.6274,45.39,1.4053,2748.0
2016-08-07,70.7042,63.9669,46.76,1.412,2801.0
2016-08-06,72.5243,63.6131,52.51,1.314,2468.0
2016-08-05,74.7412,65.36965000000001,47.224999999999994,1.30065,2229.0
2016-08-04,76.5379,67.1262,41.94,1.2873,1990.0
2016-08-03,80.35,72.83855,39.65,1.309,1712.0
2016-08-02,87.917,78.5509,32.88,1.2382,2140.0
2016-08-01,81.773,74.805,33.55,1.1517,2472.0
2016-07-29,73.818,66.0429,42.46,1.4157,2876.0
2016-07-28,73.8,66.6038,42.7,1.3988,2873.0
2016-07-27,72.8742,65.9353,43.47,1.392,2672.0
2016-07-26,72.3853,65.9448,44.87,1.3826,2712.0
2016-07-25,71.91,65.4183,44.72,1.3813,2747.0
2016-07-22,71.2033,64.8689,45.69,1.3855,2777.0
2016-07-21,71.002,64.3803,46.2,1.3922,2692.0
2016-07-20,70.185,63.7773,47.17,1.3797,2658.0
2016-07-19,70.0602,63.5394,46.66,1.3923,2728.0
2016-07-18,69.6,62.8635,46.96,1.3854,2722.0
2016-07-15,70.0592,63.5079,47.61,1.3835,2756.0
2016-07-14,69.825,62.8268,47.37,1.3877,2727.0
2016-07-13,70.7799,63.8403,46.26,1.399,2737.0
2016-07-12,68.0521,63.2054,53.0,1.2506,3603.0
2016-07-11,70.3,63.638,46.15,1.3404,2816.0
2016-07-10,69.7053,62.2051,51.93,1.3045,3193.0
2016-07-09,72.129,64.1378,47.98,1.4071,2676.0
2016-07-07,71.4068,64.5625,46.4,1.415,2777.0
2016-07-06,73.35,64.6133,51.44,1.2988,2474.0
2016-07-04,77.39,67.9942,39.43,1.2823,2018.0
2016-07-03,78.7413,71.4779,40.84,1.3103,1690.0
2016-07-01,82.125,75.1,33.75,1.1627,2382.0
2016-06-30,70.915,63.9731,49.68,1.375,2924.0
2016-06-29,71.014,63.8232,50.61,1.3814,2863.0
2016-06-28,70.9353,64.078,48.58,1.3722,2917.0
2016-06-27,72.1906,65.4441,47.16,1.3788,2716.0
2016-06-24,72.4025,65.2733,48.41,1.3768,2662.0
2016-06-23,72.6815,63.83,50.91,1.3177,2698.0
2016-06-22,73.3614,64.8807,49.88,1.3221,2677.0
2016-06-21,71.7774,63.7824,50.62,1.3246,2768.0
2016-06-20,72.705,64.2835,50.65,1.3442,2747.0
2016-06-17,73.115,64.8461,49.17,1.3429,2623.0
2016-06-16,73.833,65.7658,47.19,1.3456,2580.0
2016-06-15,73.8977,65.5585,48.97,1.335,2595.0
2016-06-14,74.08,66.1385,49.83,1.3352,2604.0
2016-06-13,74.081,65.0085,50.35,1.3377,2585.0
2016-06-12,68.4725,63.8785,53.93,1.235,3635.0
2016-06-10,69.2384,62.0861,52.51,1.3055,3049.0
2016-06-09,72.6975,64.5645,47.26,1.4111,2717.0
2016-06-07,71.2325,64.2031,48.8,1.4228,2786.0
2016-06-06,74.15,65.2693,50.55,1.2994,2466.0
2016-06-05,75.2288,65.947,45.37,1.3401,2101.0
2016-06-04,77.0083,67.6066,39.84,1.2688,1911.0
2016-06-01,80.6398,74.7623,34.23,1.1519,2267.0
2016-05-31,74.2245,66.6968,49.69,1.2693,2288.0
2016-05-30,73.3598,65.7944,49.76,1.21215,2166.0
2016-05-29,73.4099,65.9556,49.54,1.239875,2171.0
2016-05-27,73.46,66.1168,49.32,1.2676,2169.0
2016-05-26,73.663,65.8146,49.59,1.2736,1963.0
2016-05-25,73.0933,65.4961,49.74,1.2774,1992.0
2016-05-24,73.7166,66.1799,48.61,1.2827,1980.0
2016-05-23,75.0,66.826,48.35,1.3049,2055.0
2016-05-22,74.8734,66.80465,48.535,1.3054000000000001,2058.5
2016-05-20,74.9382,66.7833,48.72,1.3059,2062.0
2016-05-19,74.804,66.779,48.81,1.3059,2039.0
2016-05-18,74.0817,65.9901,48.93,1.3243,2001.0
2016-05-17,73.1988,64.7376,49.28,1.3249,2048.0
2016-05-16,73.45,64.8914,48.97,1.3218,2029.0
2016-05-15,74.2275,65.173,48.4,1.32065,2062.5
2016-05-13,74.0079,65.4546,47.83,1.3195,2096.0
2016-05-12,68.69,63.8175,54.94,1.2417,3654.0
2016-05-10,69.9321,62.4194,51.86,1.3213,3041.0
2016-05-09,72.51,65.0742,47.63,1.3311,2752.0
2016-05-08,72.6825,65.5352,44.27,1.4079,2772.0
2016-05-07,71.24,64.3284,47.96,1.4144,2764.0
2016-05-05,75.1163,65.8616,45.01,1.3178,2076.0
2016-05-04,78.0909,68.5667,37.87,1.2745,1954.0
2016-05-02,86.4088,77.4872,34.06,1.198,2063.0
2016-05-01,78.722,73.326,36.42,1.1384,2325.0
2016-04-29,74.011,64.6542,48.13,1.3414,2178.0
2016-04-28,73.4326,64.701,48.14,1.3168,2078.0
2016-04-27,73.776,65.1325,47.18,1.2998,1995.0
2016-04-26,73.65,65.1825,45.74,1.2924,2032.0
2016-04-25,75.099,66.5674,44.48,1.2891,2063.0
2016-04-24,74.7675,66.5233,44.795,1.28395,2101.5
2016-04-22,74.6558,66.4792,45.11,1.2788,2140.0
2016-04-21,75.3776,66.8337,44.53,1.2995,2068.0
2016-04-20,73.6526,65.1893,45.8,1.3023,2069.0
2016-04-19,74.8463,65.8547,44.03,1.3008,2088.0
2016-04-18,74.821,66.0847,42.91,1.2803,1940.0
2016-04-15,74.9736,66.405,43.1,1.2797,1902.0
2016-04-14,74.4466,66.1361,43.84,1.2721,1970.0
2016-04-13,74.6985,66.2975,44.18,1.2939,2036.0
2016-04-11,71.811,64.4844,45.58,1.3657,2767.0
2016-04-10,70.2455,62.6713,50.87,1.3221,2964.0
2016-04-09,71.72075000000001,64.2261,47.58,1.32625,2758.0
2016-04-08,73.196,65.7809,44.29,1.4279,2834.0
2016-04-07,71.3375,63.9291,50.1,1.352,2916.0
2016-04-05,76.495,66.5318,44.62,1.3243,2141.0
2016-04-04,78.2978,68.7464,37.69,1.2647,1998.0
2016-04-03,79.1851,72.0326,38.72,1.3156,1666.0
2016-04-02,86.1073,76.908,34.46,1.1977,1972.0
2016-04-01,79.2507,73.1655,37.22,1.1355,2334.0
2016-03-31,76.2823,67.0288,39.6,1.2809,1959.0
2016-03-30,77.4242,68.244,39.26,1.2769,1996.0
2016-03-29,76.954,68.0899,39.14,1.2863,1903.0
2016-03-28,76.7117,68.5128,40.27,1.2707,1848.0
2016-03-25,76.4633,68.447,40.355000000000004,1.2167,1827.0
2016-03-24,76.8044,68.5601,40.44,1.2724,1806.0
2016-03-23,76.7863,68.7234,40.47,1.274,1794.0
2016-03-22,75.7051,67.4914,41.79,1.2988,1863.0
2016-03-21,76.352,67.8348,41.54,1.2927,1828.0
2016-03-18,77.101,68.3703,41.2,1.302,1907.0
2016-03-17,77.044,68.0758,41.54,1.3141,1936.0
2016-03-16,77.65,69.1734,40.33,1.2809,1868.0
2016-03-15,78.9163,71.0474,38.74,1.2802,1851.0
2016-03-14,77.7035,69.9772,39.53,1.2944,1819.0
2016-03-11,70.6622,63.5806,46.35,1.3638,2769.0
2016-03-10,69.7793,62.2769,50.89,1.3659,2923.0
2016-03-08,73.9252,66.2634,43.1,1.4239,2839.0
2016-03-07,74.2601,65.93915000000001,46.370000000000005,1.3455,2903.0
2016-03-06,74.595,65.6149,49.64,1.2946,2398.0
2016-03-05,76.399,69.38845,44.97,1.3428,2086.0
2016-03-03,80.1942,73.162,37.07,1.3007,1639.0
2016-03-02,85.3358,76.8869,35.04,1.1833,2038.0
2016-02-29,81.8816,75.1682,35.97,1.2733,1711.0
2016-02-26,83.3229,76.1883,35.1,1.2588,1791.0
2016-02-25,83.169,75.3641,35.29,1.277,1711.0
2016-02-24,83.4212,75.7421,34.41,1.2771,1778.0
2016-02-23,84.049,75.54415,33.27,1.2614,1782.0
2016-02-22,83.062,75.3462,34.69,1.2467,1821.0
2016-02-20,85.9875,77.0453,33.849999999999994,1.25705,1812.5
2016-02-19,85.6188,76.9937,33.01,1.2674,1804.0
2016-02-18,84.868,76.4278,34.28,1.2625,1852.0
2016-02-17,83.6013,75.04,34.5,1.2472,1942.0
2016-02-16,86.7297,77.8876,32.18,1.2411,1903.0
2016-02-15,85.9156,76.9807,33.39,1.2081,1918.0
2016-02-14,77.0353,70.43135,43.925,1.2336,1937.0
2016-02-12,68.155,63.882,54.46,1.2424,3436.0
2016-02-11,70.4612,63.5101,46.86,1.368,2792.0
2016-02-09,72.5988,65.0975,46.83,1.3853,2792.0
2016-02-08,74.8355,66.6682,41.8,1.4294,2733.0
2016-02-06,74.686,66.972,50.04,1.2649,2405.0
2016-02-05,75.173,69.9999,45.83,1.3473,2042.0
2016-02-03,79.3838,73.0278,36.93,1.283,1678.0
2016-02-02,87.1013,79.7542,32.72,1.1701,2025.0
2016-01-29,81.789,75.4644,34.74,1.1619,2298.0
2016-01-28,83.524,76.3787,33.89,1.1637,2182.0
2016-01-27,84.623,77.6556,33.1,1.1639,2189.0
2016-01-26,85.1001,78.3342,31.8,1.1673,2180.0
2016-01-25,86.9088,80.0649,30.5,1.1524,2158.0
2016-01-22,84.2396,78.045,32.18,1.1426,2139.0
2016-01-21,89.9178,82.6813,29.25,1.1436,2138.0
2016-01-20,88.5967,81.3906,27.88,1.1517,2118.0
2016-01-19,85.745,78.5908,28.76,1.1358,2091.0
2016-01-18,86.42,79.2942,28.55,1.0885,2105.0
2016-01-17,85.5575,78.46764999999999,28.745,1.0903,2052.0
2016-01-15,84.695,77.6411,28.94,1.1375,2100.0
2016-01-14,82.635,76.0647,31.03,1.123,2139.0
2016-01-13,83.3934,76.6724,30.31,1.1374,2269.0
2016-01-12,68.13,63.9759,53.94,1.2337,3505.0
2016-01-11,69.9981,63.3208,48.14,1.348,2902.0
2016-01-09,73.8368,65.9177,45.45,1.3726,2792.0
2016-01-08,74.6716,66.9005,42.14,1.4162,2771.0
2016-01-07,71.1002,63.804,50.35,1.3943,2987.0
2016-01-06,75.074,67.1015,49.72,1.2672,2381.0
2016-01-05,73.0845,67.3435,44.195,1.2680500000000001,2168.5
2016-01-04,77.0433,67.5855,38.67,1.2689,1956.0
2016-01-03,79.7715,73.3731,36.81,1.2712,1742.0
2016-01-02,84.258,77.3094,34.24,1.1735,2152.0
2016-01-01,79.278,73.0,35.760000000000005,1.14725,2244.5
2015-12-31,79.281,72.999,37.28,1.121,2337.0
2015-12-30,80.4441,73.5963,36.46,1.1208,2214.0
2015-12-29,79.0,72.2122,37.79,1.1286,2372.0
2015-12-28,79.2175,72.2113,36.62,1.1281,2228.0
2015-12-25,77.539,70.667,37.254999999999995,1.1320000000000001,2128.5
2015-12-24,76.9705,70.2508,37.89,1.1359,2029.0
2015-12-23,76.1162,69.6966,37.36,1.1282,1983.0
2015-12-22,78.0555,71.245,36.11,1.134,1888.0
2015-12-21,77.8211,71.2254,36.35,1.1405,1911.0
2015-12-18,77.1246,70.9601,36.88,1.1233,1767.0
2015-12-17,76.9293,71.177,37.06,1.1081,1755.0
2015-12-16,76.8302,70.3862,37.19,1.1353,1790.0
2015-12-15,76.4113,69.9483,38.45,1.1198,1822.0
2015-12-14,77.5718,70.5657,37.92,1.1214,1894.0
2015-12-11,71.9939,66.6271,44.06,1.1413,2260.0
2015-12-10,70.7023,62.273,49.86,1.2311,2535.0
2015-12-08,71.62,64.2518,49.66,1.213,2931.0
2015-12-06,61.76,55.191,63.87,1.281,2750.0
2015-12-05,56.0508,49.9501,66.86,1.287,2897.0
2015-12-03,65.17,61.2711,57.08,1.249,2734.0
2015-12-02,74.414,65.1725,57.05,1.3187,2713.0
2015-12-01,74.8485,63.1624,47.43,1.3732,2795.0
2015-11-30,70.253,66.4888,44.61,1.1239,2235.0
2015-11-27,70.4057,66.4697,44.86,1.1145,2212.0
2015-11-26,69.8675,65.8419,45.46,1.0708,2243.0
2015-11-25,69.6006,65.5334,46.17,1.1284,2206.0
2015-11-24,69.6298,65.4144,46.12,1.1316,2200.0
2015-11-23,69.973,65.8628,44.83,1.1247,2210.0
2015-11-20,68.9305,64.7672,44.66,1.1338,2145.0
2015-11-19,69.3437,64.6114,44.18,1.1356,2276.0
2015-11-18,69.0172,64.7599,44.14,1.1269,2347.0
2015-11-17,69.35,65.1463,43.57,1.1269,2371.0
2015-11-16,69.8085,65.2988,44.56,1.1425,2385.0
2015-11-13,71.7586,66.7624,43.61,1.1413,2361.0
2015-11-12,77.3547,70.3518,37.93,1.1338,1990.0
2015-11-11,70.3001,65.4366,45.81,1.1454,2263.0
2015-11-09,76.9865,67.9536,48.14,1.1819,2693.0
2015-11-08,71.054,64.2719,49.18,1.1977,2844.0
2015-11-06,61.7,54.7913,65.11,1.2826,2825.0
2015-11-05,57.165,51.246,64.91,1.2773,2802.0
2015-11-03,65.0977,61.6381,57.54,1.2484,2824.0
2015-11-02,73.89,65.3146,54.66,1.3192,2797.0
2015-10-30,70.3491,63.9454,49.56,1.1952,2321.0
2015-10-29,70.6443,64.4008,48.8,1.2018,2257.0
2015-10-28,69.8279,63.9391,49.05,1.2293,2033.0
2015-10-27,71.6291,64.9247,46.81,1.2182,2092.0
2015-10-26,69.6616,63.0122,47.54,1.2203,2062.0
2015-10-23,68.7054,62.3638,47.99,1.2187,2286.0
2015-10-22,69.5571,62.5961,48.08,1.2282,2386.0
2015-10-21,71.46,63.0471,47.85,1.2297,2404.0
2015-10-20,70.4449,62.11,48.71,1.2409,2476.0
2015-10-19,70.5285,62.2839,48.61,1.2363,2442.0
2015-10-16,69.542,61.2708,50.46,1.2466,2430.0
2015-10-15,69.8431,61.3889,48.71,1.2514,2453.0
2015-10-14,71.898,62.6939,49.15,1.2436,2518.0
2015-10-13,71.757,63.0786,49.24,1.2317,2498.0
2015-10-12,75.5908,69.1318,39.73,1.1303,2015.0
2015-10-11,69.1506,64.581,47.44,1.1494,2320.0
2015-10-09,76.35,67.7313,48.89,1.1879,2683.0
2015-10-08,69.208,62.873,50.41,1.1958,2842.0
2015-10-07,62.8268,56.3876,58.73,1.2566,2770.0
2015-10-06,61.5435,54.3462,65.7,1.2886,2891.0
2015-10-04,56.8218,53.6162,57.87,1.2933,2511.0
2015-10-03,66.7854,62.5248,56.39,1.2581,2732.0
2015-10-02,74.1573,65.4528,56.43,1.3312,2677.0
2015-09-30,73.165,65.4532,48.37,1.1836,2524.0
2015-09-29,73.9363,65.7278,48.23,1.1991,2586.0
2015-09-28,74.263,66.0784,47.34,1.2044,2563.0
2015-09-25,73.4351,65.5164,48.6,1.2188,2564.0
2015-09-24,74.182,66.0912,48.17,1.2269,2591.0
2015-09-23,74.273,66.4069,47.75,1.2063,2569.0
2015-09-22,73.4777,66.0189,49.08,1.1996,2577.0
2015-09-21,73.984,66.0149,48.92,1.2094,2573.0
2015-09-18,75.0867,66.5011,47.47,1.2141,2605.0
2015-09-17,74.8173,65.4154,49.08,1.1949,2652.0
2015-09-16,73.672,65.3293,49.75,1.1963,2660.0
2015-09-15,75.192,66.705,46.63,1.1805,2728.0
2015-09-14,76.3758,67.4673,46.37,1.1857,2758.0
2015-09-12,76.4295,69.3606,40.11,1.1349,2062.0
2015-09-11,69.472,64.5941,47.19,1.1492,2300.0
2015-09-10,70.205,61.811,52.65,1.2224,2502.0
2015-09-09,76.6997,68.481,47.58,1.1807,2651.0
2015-09-07,63.1045,57.1921,58.61,1.2551,2726.0
2015-09-06,62.65,55.5456,64.88,1.2768,2846.0
2015-09-04,55.3679,51.8875,56.57,1.2816,2528.0
2015-09-03,65.972,60.789,58.53,1.268,2678.0
2015-09-02,74.425,65.7958,58.34,1.3399,2597.0
2015-09-01,72.251,61.4457,50.11,1.3574,2946.0
2015-08-31,72.149,64.2768,54.15,1.2169,2689.0
2015-08-28,73.23,65.423,50.05,1.2184,2715.0
2015-08-27,74.2413,66.0333,47.56,1.2072,2638.0
2015-08-26,77.9192,68.9066,43.14,1.209,2693.0
2015-08-25,79.588,69.0514,43.21,1.2237,2685.0
2015-08-24,82.2553,70.8892,42.69,1.2389,2650.0
2015-08-21,78.6259,69.133,45.46,1.2468,2676.0
2015-08-20,76.3853,67.9297,46.62,1.2422,2755.0
2015-08-19,74.1283,66.6027,47.16,1.2171,2716.0
2015-08-18,72.66,65.8717,48.81,1.2063,2704.0
2015-08-17,72.58,65.5,48.74,1.2079,2728.0
2015-08-14,72.25,64.9938,49.03,1.2023,2801.0
2015-08-13,72.095,64.6977,49.22,1.2051,2787.0
2015-08-12,75.73,69.4666,40.26,1.134,2070.0
2015-08-10,69.1744,61.369,53.05,1.2099,2498.0
2015-08-09,76.199,67.9836,49.52,1.1999,2710.0
2015-08-07,63.645,57.4966,57.05,1.2586,2685.0
2015-08-06,63.24,55.9969,62.69,1.272,2705.0
2015-08-05,57.186,51.0377,65.39,1.2825,2880.0
2015-08-04,57.84,53.6005,55.55,1.2911,2619.0
2015-08-01,71.6,60.3831,50.96,1.3516,2927.0
2015-07-31,67.888,61.7417,52.21,1.1831,2716.0
2015-07-30,65.2665,59.727,53.31,1.1834,2768.0
2015-07-29,64.5745,58.6778,53.38,1.1875,2886.0
2015-07-28,66.389,60.0155,53.3,1.1906,2821.0
2015-07-27,66.138,59.6501,53.47,1.1906,2789.0
2015-07-24,64.1275,58.4299,54.62,1.18,2776.0
2015-07-23,63.6063,57.8501,55.27,1.1901,2816.0
2015-07-22,62.76,57.4359,56.13,1.1876,2897.0
2015-07-21,62.29,56.9346,57.04,1.1995,2882.0
2015-07-20,61.636,56.9939,56.65,1.2055,2823.0
2015-07-17,61.6706,56.9669,57.1,1.2307,2870.0
2015-07-16,61.948,56.9496,57.51,1.2432,2854.0
2015-07-15,62.375,56.952,57.05,1.2463,2918.0
2015-07-14,62.0896,56.4068,58.51,1.2524,2840.0
2015-07-13,62.2275,56.541,57.85,1.255,2864.0
2015-07-12,75.3618,69.4916,40.73,1.1343,2067.0
2015-07-10,70.4223,62.6657,51.33,1.214,2474.0
2015-07-09,77.21,69.098,47.63,1.1199,2659.0
2015-07-08,70.162,64.037,48.61,1.1858,2798.0
2015-07-07,62.45,56.7309,56.85,1.2495,2716.0
2015-07-05,56.656,50.3321,65.54,1.2785,2734.0
2015-07-04,59.497,55.0283,59.1,1.2984,2680.0
2015-07-01,74.467,62.9,51.15,1.3536,2871.0
2015-06-30,61.5912,55.2806,63.59,1.2708,2832.0
2015-06-29,62.7173,55.7448,62.01,1.278,2805.0
2015-06-26,61.21,54.806,63.26,1.2731,2773.0
2015-06-25,61.23,54.716,63.2,1.2703,2850.0
2015-06-24,61.0255,54.4662,63.49,1.271,2759.0
2015-06-23,60.105,53.8511,64.45,1.2748,2726.0
2015-06-22,61.1462,53.9301,63.34,1.2821,2733.0
2015-06-19,61.299,54.0064,63.02,1.2994,2816.0
2015-06-18,60.765,53.4641,64.26,1.3008,2777.0
2015-06-17,60.7,53.6084,63.87,1.2769,2855.0
2015-06-16,60.4515,53.7588,63.7,1.2794,2894.0
2015-06-15,61.481,54.5077,62.61,1.2858,2889.0
2015-06-11,69.3918,64.5929,47.42,1.1479,2371.0
2015-06-10,71.4978,63.3639,51.92,1.2113,2470.0
2015-06-09,70.7019,63.6894,50.72,1.1199,2656.0
2015-06-08,69.906,64.0149,49.52,1.1816,2813.0
2015-06-07,62.8875,56.8816,56.54,1.2706,2756.0
2015-06-05,57.8253,51.0011,67.77,1.2867,2776.0
2015-06-04,60.6227,55.4838,58.12,1.3054,2650.0
2015-06-03,65.5804,60.4303,59.73,1.2656,2839.0
2015-06-02,75.75,66.9112,57.8,1.3326,2579.0
2015-06-01,74.9085,63.0892,51.1,1.3622,2938.0
2015-05-29,57.5295,52.3212,65.56,1.2807,2642.0
2015-05-28,57.57,52.5899,62.58,1.2805,2706.0
2015-05-27,56.73,51.9873,62.06,1.2786,2815.0
2015-05-26,55.4075,50.9499,63.72,1.2822,2822.0
2015-05-25,54.86,49.9733,65.52,1.2074,2873.0
2015-05-24,54.995000000000005,49.9775,65.445,1.2044,2872.0
2015-05-22,55.13,49.9817,65.37,1.2997,2887.0
2015-05-21,55.5539,49.9847,66.54,1.2981,2949.0
2015-05-20,55.154,49.7284,65.03,1.3035,2915.0
2015-05-19,55.2,49.5371,64.02,1.3014,2948.0
2015-05-18,55.604,49.0687,66.27,1.3212,3010.0
2015-05-15,56.719,49.5628,66.81,1.3189,3016.0
2015-05-14,57.22,50.122,66.59,1.319,3008.0
2015-05-13,55.9,49.2576,66.81,1.3122,2935.0
2015-05-11,69.029,63.4329,47.98,1.1601,2364.0
2015-05-10,72.406,64.7771,49.25,1.2035,2450.0
2015-05-08,69.2,63.4619,49.59,1.1771,2798.0
2015-05-06,62.4378,56.2446,63.31,1.2666,2590.0
2015-05-05,56.5225,50.4491,67.52,1.2882,2780.0
2015-05-03,67.0825,60.8328,60.48,1.2961,2841.0
2015-05-02,76.2,66.4901,56.57,1.3549,2600.0
2015-05-01,72.7,60.8074,53.11,1.3535,2882.0
2015-04-30,57.964,51.6513,66.78,1.273,2751.0
2015-04-29,56.731,51.0402,65.84,1.3,2606.0
2015-04-28,56.6305,51.5342,64.64,1.3014,2517.0
2015-04-27,56.631,51.9876,64.83,1.2892,2490.0
2015-04-24,55.2917,50.9084,65.28,1.2604,2531.0
2015-04-23,54.965,50.7827,64.85,1.282,2531.0
2015-04-22,55.9655,52.2144,62.73,1.2747,2606.0
2015-04-21,57.6545,53.7634,62.08,1.2891,2575.0
2015-04-20,57.2173,53.3222,63.45,1.2793,2536.0
2015-04-17,56.0625,51.8821,63.45,1.2881,2634.0
2015-04-16,53.58,49.7995,63.98,1.283,2684.0
2015-04-15,53.0776,49.7024,60.32,1.2865,2610.0
2015-04-14,54.123,50.8833,58.43,1.2781,2530.0
2015-04-13,55.05,52.0423,57.93,1.2878,2511.0
2015-04-12,74.0703,68.1246,43.0,1.1432,2186.0
2015-04-11,68.674,63.201,48.58,1.1612,2262.0
2015-04-09,76.35,68.4838,49.61,1.2005,2655.0
2015-04-08,68.733,63.0518,49.99,1.1787,2812.0
2015-04-06,63.513,56.4487,62.03,1.2701,2626.0
2015-04-05,58.083,52.111,66.45,1.279,2821.0
2015-04-03,68.541,61.9741,60.55,1.3006,2769.0
2015-04-02,77.5173,68.0081,54.16,1.3734,2662.0
2015-03-31,62.493,58.1993,55.11,1.2722,2640.0
2015-03-30,62.322,57.5936,56.29,1.2764,2644.0
2015-03-27,63.0535,57.896,56.41,1.2919,2590.0
2015-03-26,62.36,57.2957,59.19,1.297,2672.0
2015-03-25,63.05,57.3978,56.48,1.2873,2723.0
2015-03-24,63.005,57.7006,55.11,1.2812,2786.0
2015-03-23,64.287,58.745,55.92,1.2775,2733.0
2015-03-20,64.1785,59.2727,55.32,1.2747,2786.0
2015-03-19,64.0176,59.9972,54.43,1.2595,2813.0
2015-03-18,64.548,59.3145,55.91,1.2475,2920.0
2015-03-17,65.19,61.4528,53.51,1.2445,2855.0
2015-03-16,65.7095,62.1895,53.44,1.2493,2716.0
2015-03-13,65.3,62.216,54.67,1.2489,2727.0
2015-03-12,73.9332,67.5188,43.84,1.1206,2181.0
2015-03-11,68.6287,62.5868,50.54,1.1686,2253.0
2015-03-09,74.72,67.193,50.68,1.2035,2725.0
2015-03-08,69.58,63.5263,49.52,1.1768,2748.0
2015-03-07,62.13,55.9773,60.32,1.1678,2776.0
2015-03-06,61.1617,54.2938,63.8,1.2799,2634.0
2015-03-04,62.189,56.61,62.41,1.2882,2713.0
2015-03-03,69.2415,61.9255,61.02,1.3042,2712.0
2015-03-02,75.0663,65.1916,57.91,1.3673,2754.0
2015-02-27,68.901,61.6207,62.58,1.3094,2734.0
2015-02-26,68.61,61.1606,60.05,1.3061,2697.0
2015-02-25,69.74,61.3583,61.63,1.296,2894.0
2015-02-24,71.33,62.8549,58.66,1.2931,2902.0
2015-02-23,72.301,63.8,58.9,1.2987,2879.0
2015-02-20,70.55,62.012,60.22,1.3032,2951.0
2015-02-19,70.3025,61.9023,60.21,1.3069,2834.0
2015-02-18,70.25,61.5669,60.53,1.3015,2831.0
2015-02-17,71.341,62.5819,62.53,1.3099,2759.0
2015-02-16,71.75,63.1931,61.4,1.2317,2848.0
2015-02-15,72.07,63.369,61.46,1.2288,2828.0
2015-02-13,72.39,63.5449,61.52,1.3252,2804.0
2015-02-12,71.6423,67.4841,42.49,1.1124,2165.0
2015-02-11,70.063,63.6481,48.79,1.1904,2256.0
2015-02-10,74.0585,66.0066,48.13,1.2042,2451.0
2015-02-09,75.2,67.0242,50.5,1.2144,2648.0
2015-02-07,61.57,55.5334,62.07,1.2615,2822.0
2015-02-06,58.9125,52.8647,65.49,1.2878,2698.0
2015-02-04,61.7065,56.6453,54.95,1.2882,2713.0
2015-02-03,70.0483,62.6193,59.54,1.3058,2698.0
2015-02-02,77.466,68.3189,54.75,1.3824,2680.0
2015-02-01,70.515,58.75,56.42,1.3377,3003.0
2015-01-30,77.755,68.8629,52.99,1.3846,2691.0
2015-01-29,77.6781,68.7572,49.13,1.3638,2719.0
2015-01-28,76.8975,68.0284,48.47,1.4022,2866.0
2015-01-27,75.95,66.8431,49.6,1.4147,2981.0
2015-01-26,77.5,68.5074,48.16,1.4056,2881.0
2015-01-23,72.095,64.2388,48.79,1.4176,2986.0
2015-01-22,73.01,64.1307,48.52,1.4252,2835.0
2015-01-21,75.74,65.3002,49.03,1.4134,2974.0
2015-01-20,75.3131,65.1776,47.99,1.4124,2831.0
2015-01-19,75.399,65.0073,48.84,1.2759,2970.0
2015-01-18,75.32300000000001,65.06465,49.505,1.279,2990.0
2015-01-16,75.247,65.122,50.17,1.4049,3127.0
2015-01-15,75.8267,65.2315,47.67,1.3928,3158.0
2015-01-14,76.403,64.7915,48.69,1.3645,3233.0
2015-01-13,76.99,65.2646,46.59,1.3745,2943.0
2015-01-12,70.88,66.6126,44.44,1.122,2231.0
2015-01-10,73.43,65.6968,47.69,1.1821,2433.0
2015-01-09,75.5934,66.7987,49.56,1.2213,2702.0
2015-01-07,61.661,55.8397,62.01,1.2685,2783.0
2015-01-06,58.565,53.6187,64.88,1.2804,2649.0
2015-01-05,58.019,51.796,66.46,1.2661,2776.0
2015-01-04,61.975,57.6204,57.1,1.2942,2605.0
2015-01-01,70.261,58.048,57.215,1.1868,2841.0
2014-12-31,70.229,58.048,57.33,1.3354,2889.0
2014-12-30,69.0,55.9077,57.9,1.3119,3094.0
2014-12-29,71.051,58.3217,57.88,1.2929,3189.0
2014-12-26,65.9995,53.95,59.45,1.3077,3007.0
2014-12-25,64.551,52.5179,59.845,1.177,3092.0
2014-12-24,65.522,53.5,60.24,1.2856,3030.0
2014-12-23,66.471,54.5611,61.69,1.2897,3171.0
2014-12-22,68.25,55.8605,60.11,1.2897,3144.0
2014-12-19,72.4695,58.6014,61.38,1.3056,3464.0
2014-12-18,75.7,61.5,59.27,1.3039,3642.0
2014-12-17,75.1,60.572,61.18,1.3023,3702.0
2014-12-16,85.15,67.5062,59.86,1.302,3619.0
2014-12-15,78.8715,64.4455,61.06,1.3177,3719.0
2014-12-12,72.2829,58.1819,61.85,1.3335,3795.0
2014-11-28,62.804,50.4085,70.15,1.2912,4088.0
2014-11-27,60.9265,48.655,72.58,1.1888,4192.0
2014-11-26,59.217,47.3808,77.75,1.3145,4355.0
2014-11-25,57.52,46.263,78.33,1.3152,4282.0
2014-11-24,55.9575,44.9978,79.68,1.3142,4151.0
2014-11-21,56.68,45.7308,80.36,1.3159,4266.0
2014-11-20,57.89,46.152,79.33,1.3089,4489.0
2014-11-19,58.7425,46.861,78.1,1.3134,4371.0
2014-11-12,69.9,56.3955,63.68,1.3423,3634.0
2014-10-12,68.242,54.8523,64.24,1.3455,3706.0
2014-09-12,66.8995,54.0559,66.84,1.3502,3652.0
2014-08-12,66.2425,53.7432,66.19,1.3144,3595.0
2014-05-12,64.61,52.5101,69.07,1.3108,3802.0
2014-04-12,67.392,54.3528,69.64,1.3242,3649.0
2014-03-12,65.65,53.1568,69.92,1.3258,3805.0
2014-02-12,66.65,53.85,70.54,1.3147,3874.0
2014-01-12,63.903,51.1852,72.54,1.3325,4007.0
